,사고번호,사고일시,요일,시군구,사고내용,사망자수,중상자수,경상자수,부상신고자수,사고유형,법규위반,노면상태,기상상태,도로형태,가해운전자 차종,가해운전자 성별,가해운전자 연령,가해운전자 상해정도,피해운전자 차종,피해운전자 성별,피해운전자 연령,피해운전자 상해정도
3701,2019020400100332,2019년 2월 4일 21시,월요일,부산광역시 연제구 연산동,중상사고,0,1,0,0,차대사람 - 길가장자리구역통행중,안전운전불이행,포장 - 건조,맑음,단일로 - 기타,승용,남,21세,상해없음,보행자,남,34세,중상
3702,2019020500100041,2019년 2월 5일 02시,화요일,부산광역시 동래구 안락동,경상사고,0,0,1,0,차대사람 - 보도통행중,기타,포장 - 건조,맑음,기타 - 기타,이륜,남,21세,상해없음,보행자,남,30세,경상
3703,2019020500100055,2019년 2월 5일 04시,화요일,부산광역시 부산진구 부전동,중상사고,0,1,0,0,차대사람 - 횡단중,안전운전불이행,포장 - 건조,맑음,단일로 - 기타,승용,남,61세,상해없음,보행자,여,80세,중상
3704,2019020500100087,2019년 2월 5일 10시,화요일,부산광역시 사상구 모라동,중상사고,0,1,0,0,차대사람 - 횡단중,안전운전불이행,포장 - 건조,맑음,교차로 - 교차로안,화물,남,52세,상해없음,보행자,여,64세,중상
3705,2019020500100252,2019년 2월 5일 18시,화요일,부산광역시 사상구 괘법동,경상사고,0,0,1,0,차대사람 - 기타,안전운전불이행,포장 - 건조,맑음,단일로 - 기타,승용,남,50세,상해없음,보행자,여,28세,경상
3706,2019020500100275,2019년 2월 5일 19시,화요일,부산광역시 동구 범일동,중상사고,0,1,0,0,차대사람 - 기타,기타,포장 - 건조,맑음,단일로 - 기타,원동기,남,22세,상해없음,보행자,남,49세,중상
3707,2019020500100339,2019년 2월 5일 22시,화요일,부산광역시 영도구 청학동,경상사고,0,0,1,0,차대사람 - 횡단중,신호위반,포장 - 건조,맑음,단일로 - 기타,승용,남,68세,상해없음,보행자,여,63세,경상
3708,2019020600100027,2019년 2월 6일 01시,수요일,부산광역시 영도구 청학동,경상사고,0,0,1,0,차대사람 - 기타,안전운전불이행,포장 - 건조,맑음,단일로 - 기타,이륜,남,39세,상해없음,보행자,여,33세,경상
3709,2019020600100098,2019년 2월 6일 11시,수요일,부산광역시 남구 우암동,중상사고,0,1,0,0,차대사람 - 횡단중,안전운전불이행,포장 - 건조,맑음,단일로 - 기타,특수,남,61세,상해없음,보행자,여,75세,중상
3710,2019020600100246,2019년 2월 6일 18시,수요일,부산광역시 남구 용호동,중상사고,0,1,0,0,차대사람 - 기타,안전운전불이행,포장 - 건조,맑음,교차로 - 교차로안,승용,여,35세,상해없음,보행자,남,63세,중상
3711,2019020700100094,2019년 2월 7일 07시,목요일,부산광역시 남구 문현동,중상사고,0,1,0,0,차대사람 - 기타,안전운전불이행,포장 - 젖음/습기,흐림,교차로 - 교차로부근,승용,남,56세,상해없음,보행자,여,80세,중상
3712,2019020700100113,2019년 2월 7일 08시,목요일,부산광역시 해운대구 좌동,중상사고,0,1,0,0,차대사람 - 횡단중,신호위반,포장 - 건조,맑음,교차로 - 교차로횡단보도내,승합,남,66세,상해없음,보행자,여,8세,중상
3713,2019020700100191,2019년 2월 7일 11시,목요일,부산광역시 해운대구 반송동,중상사고,0,1,0,0,차대사람 - 기타,보행자보호의무위반,포장 - 건조,맑음,교차로 - 교차로안,승용,남,56세,상해없음,보행자,여,77세,중상
3714,2019020700100266,2019년 2월 7일 14시,목요일,부산광역시 동래구 사직동,경상사고,0,0,1,0,차대사람 - 횡단중,보행자보호의무위반,포장 - 건조,맑음,교차로 - 교차로횡단보도내,승용,남,62세,상해없음,보행자,여,27세,경상
3715,2019020700100371,2019년 2월 7일 17시,목요일,부산광역시 북구 만덕동,경상사고,0,0,1,0,차대사람 - 횡단중,보행자보호의무위반,포장 - 건조,맑음,단일로 - 기타,승합,남,63세,상해없음,보행자,여,12세,경상
3716,2019020700100372,2019년 2월 7일 17시,목요일,부산광역시 사상구 주례동,경상사고,0,0,1,0,차대사람 - 기타,안전운전불이행,포장 - 건조,맑음,교차로 - 교차로안,승용,여,51세,상해없음,보행자,남,52세,경상
3717,2019020700100477,2019년 2월 7일 20시,목요일,부산광역시 수영구 남천동,중상사고,0,1,0,0,차대사람 - 횡단중,신호위반,포장 - 건조,맑음,교차로 - 교차로횡단보도내,이륜,남,60세,상해없음,보행자,여,63세,중상
3718,2019020800100028,2019년 2월 8일 01시,금요일,부산광역시 북구 구포동,경상사고,0,0,1,0,차대사람 - 기타,안전운전불이행,포장 - 건조,맑음,단일로 - 기타,승용,남,63세,상해없음,보행자,남,20세,경상
3719,2019020800100141,2019년 2월 8일 10시,금요일,부산광역시 사상구 괘법동,경상사고,0,0,1,0,차대사람 - 길가장자리구역통행중,안전운전불이행,포장 - 건조,맑음,단일로 - 기타,승용,남,65세,상해없음,보행자,남,45세,경상
3720,2019020800100187,2019년 2월 8일 12시,금요일,부산광역시 남구 용호동,중상사고,0,1,0,0,차대사람 - 횡단중,안전운전불이행,포장 - 건조,맑음,교차로 - 교차로안,화물,남,69세,상해없음,보행자,여,44세,중상
3721,2019020800100214,2019년 2월 8일 13시,금요일,부산광역시 연제구 거제동,경상사고,0,0,1,0,차대사람 - 기타,안전운전불이행,포장 - 건조,맑음,단일로 - 기타,승용,남,29세,상해없음,보행자,여,76세,경상
3722,2019020800100278,2019년 2월 8일 15시,금요일,부산광역시 동구 범일동,경상사고,0,0,1,0,차대사람 - 보도통행중,보행자보호의무위반,포장 - 건조,맑음,기타 - 기타,승용,여,40세,상해없음,보행자,남,61세,경상
3723,2019020800100282,2019년 2월 8일 15시,금요일,부산광역시 사상구 감전동,경상사고,0,0,1,0,차대사람 - 보도통행중,기타,포장 - 건조,맑음,단일로 - 기타,승용,남,70세,상해없음,보행자,남,25세,경상
3724,2019020800100311,2019년 2월 8일 16시,금요일,부산광역시 서구 부민동2가,중상사고,0,1,0,0,차대사람 - 기타,안전운전불이행,포장 - 건조,맑음,단일로 - 기타,화물,남,58세,상해없음,보행자,여,73세,중상
3725,2019020800100313,2019년 2월 8일 16시,금요일,부산광역시 연제구 연산동,중상사고,0,1,0,0,차대사람 - 차도통행중,안전운전불이행,포장 - 건조,맑음,교차로 - 교차로부근,승용,여,47세,상해없음,보행자,여,62세,중상
3726,2019020800100367,2019년 2월 8일 18시,금요일,부산광역시 남구 대연동,중상사고,0,1,1,0,차대사람 - 길가장자리구역통행중,안전운전불이행,포장 - 건조,맑음,교차로 - 교차로안,승용,남,59세,중상,보행자,여,12세,경상
3727,2019020800100368,2019년 2월 8일 18시,금요일,부산광역시 동래구 수안동,중상사고,0,1,0,0,차대사람 - 횡단중,안전운전불이행,포장 - 건조,맑음,단일로 - 기타,승용,남,32세,상해없음,보행자,여,65세,중상
3728,2019020800100433,2019년 2월 8일 20시,금요일,부산광역시 부산진구 범천동,중상사고,0,1,0,0,차대사람 - 차도통행중,안전운전불이행,포장 - 건조,맑음,단일로 - 기타,승용,여,24세,상해없음,보행자,남,45세,중상
3729,2019020800100487,2019년 2월 8일 22시,금요일,부산광역시 부산진구 개금동,부상신고사고,0,0,0,1,차대사람 - 횡단중,안전운전불이행,포장 - 건조,흐림,교차로 - 교차로부근,승용,남,34세,상해없음,보행자,남,52세,부상신고
3730,2019020900100020,2019년 2월 9일 00시,토요일,부산광역시 부산진구 부전동,중상사고,0,1,0,0,차대사람 - 횡단중,과속,포장 - 건조,맑음,교차로 - 교차로횡단보도내,승용,남,35세,상해없음,보행자,남,23세,중상
3731,2019020900100031,2019년 2월 9일 01시,토요일,부산광역시 서구 남부민동,중상사고,0,1,0,0,차대사람 - 횡단중,안전운전불이행,포장 - 건조,맑음,단일로 - 기타,승용,남,64세,상해없음,보행자,남,77세,중상
3732,2019020900100192,2019년 2월 9일 12시,토요일,부산광역시 수영구 수영동,경상사고,0,0,1,0,차대사람 - 기타,안전운전불이행,포장 - 건조,맑음,단일로 - 기타,승용,여,52세,상해없음,보행자,여,28세,경상
3733,2019020900100213,2019년 2월 9일 13시,토요일,부산광역시 남구 대연동,경상사고,0,0,1,0,차대사람 - 차도통행중,안전운전불이행,포장 - 건조,맑음,단일로 - 기타,승용,여,28세,상해없음,보행자,남,25세,경상
3734,2019020900100449,2019년 2월 9일 23시,토요일,부산광역시 사하구 괴정동,중상사고,0,1,0,0,차대사람 - 기타,안전운전불이행,포장 - 건조,맑음,단일로 - 지하차도(도로)내,승용,남,32세,상해없음,보행자,남,49세,중상
3735,2019021000100104,2019년 2월 10일 09시,일요일,부산광역시 남구 문현동,경상사고,0,0,1,0,차대사람 - 기타,보행자보호의무위반,포장 - 건조,맑음,교차로 - 교차로횡단보도내,승용,남,41세,상해없음,보행자,여,84세,경상
3736,2019021000100142,2019년 2월 10일 12시,일요일,부산광역시 북구 화명동,경상사고,0,0,1,0,차대사람 - 기타,안전운전불이행,포장 - 건조,맑음,단일로 - 기타,승용,남,48세,상해없음,보행자,남,27세,경상
3737,2019021000100281,2019년 2월 10일 19시,일요일,부산광역시 부산진구 부전동,중상사고,0,1,0,0,차대사람 - 기타,안전운전불이행,포장 - 건조,맑음,단일로 - 기타,승용,남,35세,상해없음,보행자,여,12세,중상
3738,2019021000100342,2019년 2월 10일 22시,일요일,부산광역시 강서구 대저1동,중상사고,0,1,0,0,차대사람 - 횡단중,안전운전불이행,포장 - 건조,맑음,단일로 - 기타,승용,남,42세,상해없음,보행자,남,60세,중상
3739,2019021100100075,2019년 2월 11일 07시,월요일,부산광역시 남구 감만동,중상사고,0,1,0,0,차대사람 - 기타,안전운전불이행,포장 - 건조,맑음,교차로 - 교차로부근,승용,남,55세,상해없음,보행자,여,29세,중상
3740,2019021100100094,2019년 2월 11일 08시,월요일,부산광역시 동래구 수안동,경상사고,0,0,1,0,차대사람 - 횡단중,보행자보호의무위반,포장 - 건조,맑음,교차로 - 교차로안,승용,여,40세,상해없음,보행자,여,22세,경상
3741,2019021100100131,2019년 2월 11일 09시,월요일,부산광역시 사상구 주례동,중상사고,0,1,0,0,차대사람 - 기타,안전운전불이행,포장 - 건조,맑음,교차로 - 교차로부근,승용,남,58세,상해없음,보행자,여,74세,중상
3742,2019021100100180,2019년 2월 11일 11시,월요일,부산광역시 부산진구 부전동,중상사고,0,1,0,0,차대사람 - 횡단중,보행자보호의무위반,포장 - 건조,맑음,교차로 - 교차로횡단보도내,승합,남,43세,상해없음,보행자,남,81세,중상
3743,2019021100100331,2019년 2월 11일 16시,월요일,부산광역시 해운대구 좌동,중상사고,0,1,0,0,차대사람 - 횡단중,안전운전불이행,포장 - 건조,맑음,교차로 - 교차로횡단보도내,화물,남,42세,상해없음,보행자,여,62세,중상
3744,2019021100100391,2019년 2월 11일 18시,월요일,부산광역시 사상구 모라동,경상사고,0,0,1,0,차대사람 - 기타,안전운전불이행,포장 - 건조,맑음,주차장 - 주차장,승용,남,71세,상해없음,보행자,여,37세,경상
3745,2019021100100435,2019년 2월 11일 19시,월요일,부산광역시 기장군 기장읍,중상사고,0,1,0,0,차대사람 - 기타,안전운전불이행,포장 - 건조,맑음,교차로 - 교차로부근,승용,여,47세,상해없음,보행자,여,57세,중상
3746,2019021100100469,2019년 2월 11일 20시,월요일,부산광역시 동래구 온천동,중상사고,0,1,0,0,차대사람 - 횡단중,보행자보호의무위반,포장 - 건조,맑음,단일로 - 기타,승용,남,63세,상해없음,보행자,남,24세,중상
3747,2019021100100526,2019년 2월 11일 22시,월요일,부산광역시 부산진구 부전동,경상사고,0,0,1,0,차대사람 - 길가장자리구역통행중,안전운전불이행,포장 - 건조,맑음,단일로 - 기타,승용,남,24세,상해없음,보행자,남,63세,경상
3748,2019021200100097,2019년 2월 12일 08시,화요일,부산광역시 연제구 거제동,경상사고,0,0,1,0,차대사람 - 차도통행중,안전운전불이행,포장 - 건조,맑음,교차로 - 교차로안,화물,남,57세,상해없음,보행자,여,69세,경상
3749,2019021200100131,2019년 2월 12일 09시,화요일,부산광역시 북구 구포동,경상사고,0,0,1,0,차대사람 - 기타,안전운전불이행,포장 - 건조,맑음,교차로 - 교차로안,승용,남,71세,상해없음,보행자,남,66세,경상
3750,2019021200100134,2019년 2월 12일 09시,화요일,부산광역시 사하구 괴정동,경상사고,0,0,1,0,차대사람 - 기타,안전운전불이행,포장 - 건조,맑음,교차로 - 교차로안,승용,남,47세,상해없음,보행자,여,61세,경상
3751,2019021200100206,2019년 2월 12일 11시,화요일,부산광역시 사하구 하단동,부상신고사고,0,0,0,1,차대사람 - 기타,안전운전불이행,포장 - 건조,맑음,단일로 - 기타,이륜,남,50세,부상신고,보행자,남,67세,상해없음
3752,2019021200100287,2019년 2월 12일 14시,화요일,부산광역시 강서구 신호동,경상사고,0,0,1,0,차대사람 - 기타,교차로운행방법위반,포장 - 건조,맑음,단일로 - 기타,승합,남,38세,상해없음,보행자,여,29세,경상
3753,2019021200100403,2019년 2월 12일 18시,화요일,부산광역시 동래구 명장동,경상사고,0,0,1,0,차대사람 - 길가장자리구역통행중,안전운전불이행,포장 - 건조,맑음,단일로 - 기타,승용,남,63세,상해없음,보행자,여,24세,경상
3754,2019021200100444,2019년 2월 12일 19시,화요일,부산광역시 부산진구 범천동,경상사고,0,0,1,0,차대사람 - 횡단중,보행자보호의무위반,포장 - 건조,맑음,교차로 - 교차로부근,승용,남,65세,상해없음,보행자,남,10세,경상
3755,2019021200100520,2019년 2월 12일 23시,화요일,부산광역시 연제구 연산동,중상사고,0,1,0,0,차대사람 - 횡단중,안전운전불이행,포장 - 건조,맑음,교차로 - 교차로부근,승용,남,58세,상해없음,보행자,남,29세,중상
3756,2019021300100024,2019년 2월 13일 00시,수요일,부산광역시 부산진구 부전동,경상사고,0,0,1,0,차대사람 - 차도통행중,안전운전불이행,포장 - 건조,맑음,단일로 - 기타,승용,남,49세,상해없음,보행자,남,19세,경상
3757,2019021300100096,2019년 2월 13일 07시,수요일,부산광역시 동래구 온천동,중상사고,0,1,0,0,차대사람 - 길가장자리구역통행중,안전운전불이행,포장 - 건조,맑음,단일로 - 기타,화물,남,49세,상해없음,보행자,남,34세,중상
3758,2019021300100276,2019년 2월 13일 14시,수요일,부산광역시 남구 문현동,경상사고,0,0,1,0,차대사람 - 길가장자리구역통행중,안전운전불이행,포장 - 건조,맑음,교차로 - 교차로부근,승용,남,25세,상해없음,보행자,여,82세,경상
3759,2019021300100346,2019년 2월 13일 16시,수요일,부산광역시 동래구 안락동,중상사고,0,1,0,0,차대사람 - 보도통행중,보행자보호의무위반,포장 - 건조,맑음,단일로 - 기타,승용,남,56세,상해없음,보행자,여,70세,중상
3760,2019021300100347,2019년 2월 13일 16시,수요일,부산광역시 금정구 노포동,중상사고,0,1,0,0,차대사람 - 횡단중,신호위반,포장 - 건조,맑음,교차로 - 교차로안,승합,남,53세,상해없음,보행자,여,78세,중상
3761,2019021300100400,2019년 2월 13일 18시,수요일,부산광역시 남구 문현동,중상사고,0,1,0,0,차대사람 - 기타,안전운전불이행,포장 - 건조,맑음,단일로 - 기타,승용,남,50세,기타불명,보행자,여,68세,중상
3762,2019021300100402,2019년 2월 13일 18시,수요일,부산광역시 영도구 동삼동,경상사고,0,0,1,1,차대사람 - 기타,안전운전불이행,포장 - 건조,맑음,단일로 - 기타,이륜,남,14세,상해없음,보행자,여,53세,경상
3763,2019021300100403,2019년 2월 13일 18시,수요일,부산광역시 금정구 부곡동,경상사고,0,0,1,0,차대사람 - 기타,안전운전불이행,포장 - 건조,맑음,단일로 - 기타,승용,남,38세,상해없음,보행자,여,50세,경상
3764,2019021300100520,2019년 2월 13일 21시,수요일,부산광역시 사하구 신평동,경상사고,0,0,1,0,차대사람 - 기타,안전운전불이행,포장 - 건조,맑음,교차로 - 교차로부근,승용,남,61세,상해없음,보행자,여,12세,경상
3765,2019021300100521,2019년 2월 13일 21시,수요일,부산광역시 기장군 기장읍,경상사고,0,0,1,0,차대사람 - 횡단중,보행자보호의무위반,포장 - 건조,맑음,교차로 - 교차로횡단보도내,승용,남,28세,기타불명,보행자,여,49세,경상
3766,2019021400100026,2019년 2월 14일 00시,목요일,부산광역시 수영구 민락동,중상사고,0,1,0,0,차대사람 - 기타,안전운전불이행,포장 - 건조,맑음,단일로 - 기타,승용,남,64세,상해없음,보행자,남,50세,중상
3767,2019021400100078,2019년 2월 14일 07시,목요일,부산광역시 부산진구 전포동,중상사고,0,1,0,0,차대사람 - 횡단중,안전운전불이행,포장 - 건조,맑음,단일로 - 기타,승용,여,65세,상해없음,보행자,남,69세,중상
3768,2019021400100133,2019년 2월 14일 09시,목요일,부산광역시 사하구 하단동,중상사고,0,1,0,0,차대사람 - 횡단중,안전운전불이행,포장 - 건조,맑음,단일로 - 기타,승용,여,57세,상해없음,보행자,여,59세,중상
3769,2019021400100308,2019년 2월 14일 15시,목요일,부산광역시 수영구 광안동,경상사고,0,0,1,0,차대사람 - 기타,안전운전불이행,포장 - 건조,맑음,단일로 - 기타,승용,여,41세,상해없음,보행자,여,62세,경상
3770,2019021400100409,2019년 2월 14일 18시,목요일,부산광역시 사상구 학장동,경상사고,0,0,1,0,차대사람 - 횡단중,안전운전불이행,포장 - 건조,맑음,교차로 - 교차로부근,이륜,남,16세,상해없음,보행자,여,74세,경상
3771,2019021400100493,2019년 2월 14일 20시,목요일,부산광역시 부산진구 가야동,사망사고,1,0,0,0,차대사람 - 기타,안전운전불이행,포장 - 건조,맑음,단일로 - 기타,승용,남,65세,상해없음,보행자,남,87세,사망
3772,2019021400100525,2019년 2월 14일 21시,목요일,부산광역시 영도구 대교동1가,경상사고,0,0,1,0,차대사람 - 횡단중,안전운전불이행,포장 - 건조,맑음,단일로 - 기타,기타불명,기타불명,미분류,기타불명,보행자,여,60세,경상
3773,2019021400100556,2019년 2월 14일 22시,목요일,부산광역시 사상구 괘법동,경상사고,0,0,1,0,차대사람 - 길가장자리구역통행중,안전운전불이행,포장 - 건조,맑음,교차로 - 교차로안,승용,남,26세,상해없음,보행자,남,28세,경상
3774,2019021500100020,2019년 2월 15일 00시,금요일,부산광역시 부산진구 범천동,중상사고,0,1,0,0,차대사람 - 횡단중,안전운전불이행,포장 - 건조,맑음,교차로 - 교차로부근,승용,남,37세,상해없음,보행자,남,24세,중상
3775,2019021500100041,2019년 2월 15일 02시,금요일,부산광역시 금정구 장전동,중상사고,0,1,0,0,차대사람 - 기타,안전운전불이행,포장 - 건조,맑음,단일로 - 기타,승용,여,54세,상해없음,보행자,남,41세,중상
3776,2019021500100074,2019년 2월 15일 06시,금요일,부산광역시 영도구 대평동2가,중상사고,0,1,0,0,차대사람 - 기타,안전운전불이행,포장 - 젖음/습기,비,단일로 - 기타,화물,남,60세,상해없음,보행자,남,75세,중상
3777,2019021500100154,2019년 2월 15일 08시,금요일,부산광역시 수영구 남천동,경상사고,0,0,1,0,차대사람 - 기타,안전운전불이행,포장 - 젖음/습기,비,교차로 - 교차로안,승용,남,45세,상해없음,보행자,여,37세,경상
3778,2019021500100155,2019년 2월 15일 08시,금요일,부산광역시 사상구 괘법동,중상사고,0,1,0,0,차대사람 - 횡단중,신호위반,포장 - 건조,맑음,단일로 - 기타,화물,남,74세,상해없음,보행자,여,61세,중상
3779,2019021500100203,2019년 2월 15일 09시,금요일,부산광역시 연제구 연산동,경상사고,0,0,1,0,차대사람 - 횡단중,신호위반,포장 - 건조,맑음,단일로 - 기타,자전거,여,54세,상해없음,보행자,여,71세,경상
3780,2019021500100269,2019년 2월 15일 11시,금요일,부산광역시 연제구 거제동,중상사고,0,1,0,0,차대사람 - 차도통행중,안전운전불이행,포장 - 건조,맑음,단일로 - 기타,승용,남,66세,상해없음,보행자,여,56세,중상
3781,2019021500100394,2019년 2월 15일 15시,금요일,부산광역시 동구 범일동,중상사고,0,1,0,0,차대사람 - 보도통행중,보행자보호의무위반,포장 - 건조,맑음,교차로 - 교차로부근,승용,남,66세,상해없음,보행자,남,61세,중상
3782,2019021500100544,2019년 2월 15일 19시,금요일,부산광역시 사하구 당리동,중상사고,0,1,0,0,차대사람 - 기타,안전운전불이행,포장 - 건조,맑음,단일로 - 지하차도(도로)내,승용,남,59세,상해없음,보행자,여,65세,중상
3783,2019021500100545,2019년 2월 15일 19시,금요일,부산광역시 사하구 하단동,경상사고,0,0,1,0,차대사람 - 기타,안전운전불이행,포장 - 건조,맑음,단일로 - 기타,승용,남,66세,상해없음,보행자,여,71세,경상
3784,2019021500100546,2019년 2월 15일 19시,금요일,부산광역시 기장군 기장읍,부상신고사고,0,0,0,1,차대사람 - 차도통행중,안전운전불이행,포장 - 건조,맑음,기타 - 기타,승용,남,67세,상해없음,보행자,남,62세,부상신고
3785,2019021500100595,2019년 2월 15일 20시,금요일,부산광역시 동래구 수안동,중상사고,0,1,0,0,차대사람 - 기타,기타,포장 - 건조,맑음,단일로 - 기타,승용,남,57세,상해없음,보행자,여,49세,중상
3786,2019021500100598,2019년 2월 15일 20시,금요일,부산광역시 사상구 모라동,경상사고,0,0,1,0,차대사람 - 횡단중,신호위반,포장 - 건조,맑음,교차로 - 교차로부근,기타불명,기타불명,미분류,기타불명,보행자,남,17세,경상
3787,2019021500100677,2019년 2월 15일 23시,금요일,부산광역시 사하구 하단동,경상사고,0,0,1,0,차대사람 - 기타,안전운전불이행,포장 - 건조,맑음,교차로 - 교차로안,승용,남,63세,상해없음,보행자,남,37세,경상
3788,2019021600100085,2019년 2월 16일 06시,토요일,부산광역시 부산진구 범천동,경상사고,0,0,1,0,차대사람 - 횡단중,보행자보호의무위반,포장 - 건조,맑음,단일로 - 기타,승용,남,26세,상해없음,보행자,여,67세,경상
3789,2019021600100155,2019년 2월 16일 10시,토요일,부산광역시 기장군 정관읍,중상사고,0,1,0,0,차대사람 - 기타,안전운전불이행,포장 - 건조,맑음,단일로 - 기타,승합,남,57세,상해없음,보행자,남,78세,중상
3790,2019021600100185,2019년 2월 16일 11시,토요일,부산광역시 동래구 온천동,중상사고,0,1,0,0,차대사람 - 횡단중,신호위반,포장 - 건조,맑음,단일로 - 기타,원동기,남,23세,상해없음,보행자,여,58세,중상
3791,2019021600100210,2019년 2월 16일 12시,토요일,부산광역시 금정구 부곡동,중상사고,0,1,0,0,차대사람 - 횡단중,안전운전불이행,포장 - 건조,맑음,교차로 - 교차로안,승용,남,32세,상해없음,보행자,남,64세,중상
3792,2019021600100240,2019년 2월 16일 13시,토요일,부산광역시 남구 문현동,중상사고,0,1,0,0,차대사람 - 횡단중,안전운전불이행,포장 - 건조,맑음,교차로 - 교차로횡단보도내,화물,남,35세,상해없음,보행자,남,11세,중상
3793,2019021600100311,2019년 2월 16일 15시,토요일,부산광역시 동래구 온천동,경상사고,0,0,1,0,차대사람 - 보도통행중,안전운전불이행,포장 - 건조,맑음,기타 - 기타,승용,남,62세,상해없음,보행자,남,80세,경상
3794,2019021600100399,2019년 2월 16일 17시,토요일,부산광역시 중구 중앙동2가,경상사고,0,0,1,0,차대사람 - 기타,안전운전불이행,포장 - 건조,맑음,단일로 - 기타,승용,여,56세,상해없음,보행자,남,18세,경상
3795,2019021600100444,2019년 2월 16일 18시,토요일,부산광역시 영도구 영선동2가,경상사고,0,0,1,0,차대사람 - 길가장자리구역통행중,안전운전불이행,포장 - 건조,맑음,단일로 - 기타,승용,남,34세,상해없음,보행자,남,76세,경상
3796,2019021600100481,2019년 2월 16일 19시,토요일,부산광역시 남구 문현동,중상사고,0,1,0,0,차대사람 - 횡단중,안전운전불이행,포장 - 건조,맑음,교차로 - 교차로안,승용,남,66세,상해없음,보행자,여,18세,중상
3797,2019021600100482,2019년 2월 16일 19시,토요일,부산광역시 동래구 안락동,경상사고,0,0,1,0,차대사람 - 기타,안전운전불이행,포장 - 건조,맑음,교차로 - 교차로부근,승용,남,30세,상해없음,보행자,남,44세,경상
3798,2019021700100029,2019년 2월 17일 00시,일요일,부산광역시 북구 만덕동,경상사고,0,0,2,0,차대사람 - 횡단중,보행자보호의무위반,포장 - 건조,맑음,교차로 - 교차로횡단보도내,승용,남,34세,상해없음,보행자,남,32세,경상
3799,2019021700100131,2019년 2월 17일 09시,일요일,부산광역시 수영구 광안동,중상사고,0,1,0,0,차대사람 - 횡단중,안전운전불이행,포장 - 건조,맑음,교차로 - 교차로안,승용,남,54세,상해없음,보행자,여,80세,중상
3800,2019021700100148,2019년 2월 17일 10시,일요일,부산광역시 수영구 광안동,경상사고,0,0,1,0,차대사람 - 횡단중,안전운전불이행,포장 - 건조,맑음,단일로 - 기타,승용,남,37세,상해없음,보행자,남,28세,경상
3801,2019021700100192,2019년 2월 17일 12시,일요일,부산광역시 연제구 거제동,경상사고,0,0,1,0,차대사람 - 기타,안전운전불이행,포장 - 건조,맑음,단일로 - 기타,승용,남,69세,상해없음,보행자,여,18세,경상
3802,2019021700100341,2019년 2월 17일 18시,일요일,부산광역시 남구 우암동,중상사고,0,1,0,0,차대사람 - 횡단중,안전운전불이행,포장 - 건조,맑음,교차로 - 교차로안,승용,남,38세,상해없음,보행자,남,68세,중상
3803,2019021700100342,2019년 2월 17일 18시,일요일,부산광역시 연제구 연산동,중상사고,0,1,0,0,차대사람 - 횡단중,보행자보호의무위반,포장 - 건조,맑음,단일로 - 기타,승용,남,61세,상해없음,보행자,남,61세,중상
3804,2019021800100057,2019년 2월 18일 05시,월요일,부산광역시 동래구 안락동,중상사고,0,1,0,0,차대사람 - 횡단중,신호위반,포장 - 건조,맑음,교차로 - 교차로안,화물,남,51세,상해없음,보행자,남,64세,중상
3805,2019021800100233,2019년 2월 18일 12시,월요일,부산광역시 해운대구 중동,중상사고,0,1,0,0,차대사람 - 보도통행중,기타,포장 - 건조,맑음,교차로 - 교차로부근,승용,남,53세,상해없음,보행자,여,74세,중상
3806,2019021800100259,2019년 2월 18일 13시,월요일,부산광역시 남구 용호동,중상사고,0,1,0,0,차대사람 - 길가장자리구역통행중,안전운전불이행,포장 - 건조,맑음,단일로 - 기타,화물,남,68세,상해없음,보행자,남,89세,중상
3807,2019021800100404,2019년 2월 18일 18시,월요일,부산광역시 강서구 명지동,경상사고,0,0,1,0,차대사람 - 보도통행중,보행자보호의무위반,포장 - 건조,맑음,교차로 - 교차로횡단보도내,승용,여,33세,상해없음,보행자,여,70세,경상
3808,2019021800100483,2019년 2월 18일 20시,월요일,부산광역시 북구 화명동,경상사고,0,0,1,0,차대사람 - 기타,신호위반,포장 - 건조,맑음,교차로 - 교차로횡단보도내,승용,여,46세,상해없음,보행자,여,36세,경상
3809,2019021900100069,2019년 2월 19일 04시,화요일,부산광역시 동구 범일동,중상사고,0,1,0,0,차대사람 - 횡단중,안전운전불이행,포장 - 젖음/습기,비,단일로 - 기타,승용,남,59세,상해없음,보행자,남,67세,중상
3810,2019021900100078,2019년 2월 19일 05시,화요일,부산광역시 동구 수정동,중상사고,0,1,0,0,차대사람 - 횡단중,보행자보호의무위반,포장 - 젖음/습기,비,교차로 - 교차로부근,승용,남,64세,상해없음,보행자,남,69세,중상
3811,2019021900100084,2019년 2월 19일 06시,화요일,부산광역시 영도구 청학동,중상사고,0,1,0,0,차대사람 - 횡단중,안전운전불이행,포장 - 건조,맑음,단일로 - 기타,화물,남,51세,상해없음,보행자,여,73세,중상
3812,2019021900100104,2019년 2월 19일 07시,화요일,부산광역시 금정구 부곡동,경상사고,0,0,1,0,차대사람 - 기타,안전운전불이행,포장 - 젖음/습기,비,단일로 - 기타,승용,남,48세,상해없음,보행자,여,22세,경상
3813,2019021900100183,2019년 2월 19일 10시,화요일,부산광역시 부산진구 부전동,경상사고,0,0,1,0,차대사람 - 기타,안전운전불이행,포장 - 젖음/습기,비,단일로 - 기타,화물,남,53세,상해없음,보행자,남,58세,경상
3814,2019021900100242,2019년 2월 19일 12시,화요일,부산광역시 사상구 덕포동,경상사고,0,0,2,0,차대사람 - 기타,안전운전불이행,포장 - 젖음/습기,비,주차장 - 주차장,화물,남,25세,상해없음,보행자,여,90세 이상,경상