,사고번호,사고일시,요일,시군구,사고내용,사망자수,중상자수,경상자수,부상신고자수,사고유형,법규위반,노면상태,기상상태,도로형태,가해운전자 차종,가해운전자 성별,가해운전자 연령,가해운전자 상해정도,피해운전자 차종,피해운전자 성별,피해운전자 연령,피해운전자 상해정도
4379,2019042200100449,2019년 4월 22일 16시,월요일,부산광역시 수영구 망미동,경상사고,0,0,1,0,차대사람 - 기타,안전운전불이행,포장 - 건조,맑음,교차로 - 교차로안,승용,남,60세,상해없음,보행자,남,45세,경상
4380,2019042200100490,2019년 4월 22일 17시,월요일,부산광역시 남구 대연동,경상사고,0,0,1,0,차대사람 - 횡단중,안전운전불이행,포장 - 건조,맑음,단일로 - 기타,승용,여,56세,상해없음,보행자,남,17세,경상
4381,2019042200100491,2019년 4월 22일 17시,월요일,부산광역시 기장군 철마면,중상사고,0,1,0,0,차대사람 - 차도통행중,안전운전불이행,포장 - 건조,맑음,단일로 - 기타,이륜,남,14세,상해없음,보행자,남,16세,중상
4382,2019042200100592,2019년 4월 22일 19시,월요일,부산광역시 북구 화명동,경상사고,0,0,1,0,차대사람 - 횡단중,신호위반,포장 - 건조,맑음,단일로 - 기타,이륜,남,28세,상해없음,보행자,남,8세,경상
4383,2019042200100594,2019년 4월 22일 19시,월요일,부산광역시 해운대구 반송동,경상사고,0,0,1,0,차대사람 - 횡단중,보행자보호의무위반,포장 - 건조,맑음,교차로 - 교차로안,승용,남,18세,상해없음,보행자,여,39세,경상
4384,2019042200100697,2019년 4월 22일 23시,월요일,부산광역시 동래구 사직동,중상사고,0,1,0,0,차대사람 - 횡단중,안전운전불이행,포장 - 건조,맑음,단일로 - 기타,승용,남,64세,상해없음,보행자,여,16세,중상
4385,2019042200100698,2019년 4월 22일 23시,월요일,부산광역시 부산진구 부전동,경상사고,0,0,1,0,차대사람 - 횡단중,안전운전불이행,포장 - 건조,맑음,교차로 - 교차로부근,승용,남,58세,상해없음,보행자,여,60세,경상
4386,2019042300100036,2019년 4월 23일 02시,화요일,부산광역시 해운대구 우동,경상사고,0,0,1,0,차대사람 - 기타,안전운전불이행,포장 - 건조,맑음,단일로 - 기타,승용,남,31세,상해없음,보행자,여,64세,경상
4387,2019042300100181,2019년 4월 23일 10시,화요일,부산광역시 사하구 감천동,경상사고,0,0,1,0,차대사람 - 기타,안전운전불이행,포장 - 젖음/습기,흐림,단일로 - 지하차도(도로)내,승용,남,51세,상해없음,보행자,여,81세,경상
4388,2019042300100263,2019년 4월 23일 13시,화요일,부산광역시 부산진구 초읍동,중상사고,0,1,0,0,차대사람 - 횡단중,신호위반,포장 - 건조,맑음,단일로 - 기타,이륜,남,55세,상해없음,보행자,남,67세,중상
4389,2019042300100365,2019년 4월 23일 16시,화요일,부산광역시 동래구 복천동,중상사고,0,1,0,0,차대사람 - 차도통행중,안전운전불이행,포장 - 건조,맑음,단일로 - 기타,승용,여,63세,상해없음,보행자,여,65세,중상
4390,2019042300100367,2019년 4월 23일 16시,화요일,부산광역시 연제구 연산동,경상사고,0,0,1,0,차대사람 - 횡단중,보행자보호의무위반,포장 - 젖음/습기,비,단일로 - 기타,승용,남,71세,상해없음,보행자,남,6세,경상
4391,2019042300100411,2019년 4월 23일 17시,화요일,부산광역시 부산진구 개금동,경상사고,0,0,1,0,차대사람 - 횡단중,보행자보호의무위반,포장 - 건조,맑음,교차로 - 교차로부근,승합,남,52세,상해없음,보행자,여,18세,경상
4392,2019042300100456,2019년 4월 23일 18시,화요일,부산광역시 연제구 연산동,중상사고,0,1,0,0,차대사람 - 길가장자리구역통행중,안전운전불이행,포장 - 젖음/습기,흐림,단일로 - 기타,승용,여,61세,상해없음,보행자,여,59세,중상
4393,2019042300100497,2019년 4월 23일 19시,화요일,부산광역시 수영구 광안동,경상사고,0,0,1,0,차대사람 - 기타,안전운전불이행,포장 - 젖음/습기,흐림,교차로 - 교차로부근,승용,남,35세,상해없음,보행자,남,47세,경상
4394,2019042300100532,2019년 4월 23일 20시,화요일,부산광역시 수영구 수영동,중상사고,0,1,0,0,차대사람 - 횡단중,보행자보호의무위반,포장 - 젖음/습기,비,단일로 - 기타,승용,남,55세,상해없음,보행자,여,34세,중상
4395,2019042300100576,2019년 4월 23일 21시,화요일,부산광역시 강서구 대저2동,중상사고,0,1,0,0,차대사람 - 횡단중,안전운전불이행,포장 - 젖음/습기,비,교차로 - 교차로횡단보도내,승용,남,59세,상해없음,보행자,남,55세,중상
4396,2019042400100026,2019년 4월 24일 00시,수요일,부산광역시 부산진구 부전동,경상사고,0,0,3,0,차대사람 - 기타,안전운전불이행,포장 - 젖음/습기,비,교차로 - 교차로안,승합,남,48세,상해없음,보행자,남,47세,경상
4397,2019042400100116,2019년 4월 24일 06시,수요일,부산광역시 중구 남포동4가,경상사고,0,0,1,0,차대사람 - 차도통행중,기타,포장 - 젖음/습기,비,단일로 - 기타,승용,남,67세,상해없음,보행자,남,50세,경상
4398,2019042400100248,2019년 4월 24일 10시,수요일,부산광역시 금정구 부곡동,경상사고,0,0,1,0,차대사람 - 횡단중,보행자보호의무위반,포장 - 건조,맑음,교차로 - 교차로부근,화물,남,58세,상해없음,보행자,남,67세,경상
4399,2019042400100320,2019년 4월 24일 13시,수요일,부산광역시 북구 금곡동,중상사고,0,1,0,0,차대사람 - 기타,기타,포장 - 젖음/습기,흐림,기타 - 기타,승용,남,51세,상해없음,보행자,여,90세 이상,중상
4400,2019042400100385,2019년 4월 24일 15시,수요일,부산광역시 동구 초량동,경상사고,0,0,1,0,차대사람 - 보도통행중,기타,포장 - 건조,맑음,기타 - 기타,이륜,남,38세,상해없음,보행자,남,26세,경상
4401,2019042400100555,2019년 4월 24일 19시,수요일,부산광역시 해운대구 우동,중상사고,0,1,0,0,차대사람 - 보도통행중,안전운전불이행,포장 - 건조,맑음,단일로 - 기타,승용,남,28세,상해없음,보행자,여,35세,중상
4402,2019042400100557,2019년 4월 24일 19시,수요일,부산광역시 연제구 연산동,경상사고,0,0,1,0,차대사람 - 횡단중,보행자보호의무위반,포장 - 건조,맑음,교차로 - 교차로부근,승용,여,71세,상해없음,보행자,남,41세,경상
4403,2019042500100033,2019년 4월 25일 01시,목요일,부산광역시 북구 구포동,경상사고,0,0,1,0,차대사람 - 기타,안전운전불이행,포장 - 건조,맑음,교차로 - 교차로횡단보도내,이륜,남,29세,상해없음,보행자,남,70세,경상
4404,2019042500100088,2019년 4월 25일 07시,목요일,부산광역시 강서구 화전동,경상사고,0,0,1,0,차대사람 - 기타,안전운전불이행,포장 - 건조,맑음,단일로 - 기타,승합,남,65세,상해없음,보행자,여,28세,경상
4405,2019042500100111,2019년 4월 25일 08시,목요일,부산광역시 남구 대연동,중상사고,0,1,0,0,차대사람 - 차도통행중,안전운전불이행,포장 - 건조,맑음,단일로 - 기타,승용,남,59세,상해없음,보행자,여,56세,중상
4406,2019042500100112,2019년 4월 25일 08시,목요일,부산광역시 해운대구 반여동,경상사고,0,0,1,0,차대사람 - 횡단중,보행자보호의무위반,포장 - 건조,맑음,단일로 - 기타,승용,여,61세,상해없음,보행자,남,17세,경상
4407,2019042500100220,2019년 4월 25일 11시,목요일,부산광역시 연제구 거제동,중상사고,0,1,0,0,차대사람 - 횡단중,보행자보호의무위반,포장 - 건조,맑음,교차로 - 교차로횡단보도내,승용,여,36세,상해없음,보행자,여,50세,중상
4408,2019042500100221,2019년 4월 25일 11시,목요일,부산광역시 연제구 연산동,경상사고,0,0,1,0,차대사람 - 횡단중,보행자보호의무위반,포장 - 건조,맑음,단일로 - 기타,승용,남,76세,상해없음,보행자,여,37세,경상
4409,2019042500100520,2019년 4월 25일 19시,목요일,부산광역시 수영구 민락동,경상사고,0,0,1,0,차대사람 - 기타,안전운전불이행,포장 - 건조,맑음,기타 - 기타,승용,남,25세,상해없음,보행자,여,64세,경상
4410,2019042500100652,2019년 4월 25일 22시,목요일,부산광역시 해운대구 재송동,중상사고,0,1,0,0,차대사람 - 횡단중,신호위반,포장 - 건조,흐림,교차로 - 교차로횡단보도내,이륜,남,17세,상해없음,보행자,여,68세,중상
4411,2019042500100685,2019년 4월 25일 23시,목요일,부산광역시 부산진구 연지동,경상사고,0,0,2,0,차대사람 - 보도통행중,보행자보호의무위반,포장 - 젖음/습기,비,교차로 - 교차로횡단보도내,승용,남,63세,상해없음,보행자,남,40세,경상
4412,2019042600100247,2019년 4월 26일 11시,금요일,부산광역시 사하구 괴정동,중상사고,0,1,0,0,차대사람 - 횡단중,신호위반,포장 - 건조,맑음,교차로 - 교차로안,이륜,남,52세,상해없음,보행자,여,82세,중상
4413,2019042600100272,2019년 4월 26일 12시,금요일,부산광역시 영도구 봉래동3가,경상사고,0,0,1,0,차대사람 - 길가장자리구역통행중,안전운전불이행,포장 - 건조,맑음,단일로 - 기타,기타불명,기타불명,미분류,기타불명,보행자,여,71세,경상
4414,2019042600100275,2019년 4월 26일 12시,금요일,부산광역시 연제구 연산동,경상사고,0,0,1,0,차대사람 - 보도통행중,기타,포장 - 건조,맑음,단일로 - 기타,승용,남,34세,상해없음,보행자,여,19세,경상
4415,2019042600100378,2019년 4월 26일 15시,금요일,부산광역시 금정구 부곡동,부상신고사고,0,0,0,1,차대사람 - 기타,안전운전불이행,포장 - 젖음/습기,비,기타 - 기타,승용,여,36세,상해없음,보행자,남,18세,부상신고
4416,2019042600100414,2019년 4월 26일 16시,금요일,부산광역시 남구 대연동,경상사고,0,0,1,0,차대사람 - 횡단중,안전운전불이행,포장 - 건조,맑음,기타 - 기타,승용,남,52세,상해없음,보행자,여,23세,경상
4417,2019042600100416,2019년 4월 26일 16시,금요일,부산광역시 금정구 부곡동,경상사고,0,0,1,0,차대사람 - 횡단중,기타,포장 - 건조,맑음,단일로 - 기타,승용,여,63세,상해없음,보행자,남,6세,경상
4418,2019042600100502,2019년 4월 26일 18시,금요일,부산광역시 금정구 남산동,중상사고,0,1,0,0,차대사람 - 기타,기타,포장 - 건조,맑음,교차로 - 교차로부근,승용,여,56세,상해없음,보행자,여,27세,중상
4419,2019042600100607,2019년 4월 26일 20시,금요일,부산광역시 사상구 주례동,경상사고,0,0,1,0,차대사람 - 횡단중,보행자보호의무위반,포장 - 젖음/습기,비,단일로 - 기타,이륜,남,44세,상해없음,보행자,남,62세,경상
4420,2019042600100653,2019년 4월 26일 21시,금요일,부산광역시 금정구 부곡동,경상사고,0,0,2,0,차대사람 - 횡단중,보행자보호의무위반,포장 - 건조,맑음,단일로 - 기타,승용,남,63세,상해없음,보행자,남,14세,경상
4421,2019042600100654,2019년 4월 26일 21시,금요일,부산광역시 사상구 주례동,사망사고,1,0,0,0,차대사람 - 횡단중,안전운전불이행,포장 - 젖음/습기,비,교차로 - 교차로횡단보도내,승용,남,42세,상해없음,보행자,여,63세,사망
4422,2019042700100103,2019년 4월 27일 05시,토요일,부산광역시 부산진구 부전동,경상사고,0,0,1,0,차대사람 - 차도통행중,안전운전불이행,포장 - 건조,맑음,단일로 - 기타,승용,남,20세,상해없음,보행자,남,30세,경상
4423,2019042700100142,2019년 4월 27일 08시,토요일,부산광역시 동래구 안락동,부상신고사고,0,0,0,1,차대사람 - 횡단중,안전운전불이행,포장 - 건조,맑음,교차로 - 교차로안,승용,남,66세,상해없음,보행자,남,82세,부상신고
4424,2019042700100379,2019년 4월 27일 14시,토요일,부산광역시 동래구 온천동,중상사고,0,1,0,0,차대사람 - 횡단중,안전운전불이행,포장 - 건조,맑음,단일로 - 기타,승합,남,38세,상해없음,보행자,여,69세,중상
4425,2019042700100456,2019년 4월 27일 16시,토요일,부산광역시 동래구 온천동,경상사고,0,0,1,0,차대사람 - 기타,안전운전불이행,포장 - 건조,맑음,단일로 - 기타,화물,남,40세,상해없음,보행자,남,11세,경상
4426,2019042700100458,2019년 4월 27일 16시,토요일,부산광역시 부산진구 전포동,경상사고,0,0,1,0,차대사람 - 기타,안전운전불이행,포장 - 건조,맑음,단일로 - 기타,승용,남,41세,상해없음,보행자,여,21세,경상
4427,2019042700100545,2019년 4월 27일 18시,토요일,부산광역시 부산진구 부전동,부상신고사고,0,0,0,1,차대사람 - 기타,안전운전불이행,포장 - 건조,맑음,단일로 - 기타,승용,여,56세,상해없음,보행자,여,67세,부상신고
4428,2019042700100640,2019년 4월 27일 21시,토요일,부산광역시 금정구 부곡동,경상사고,0,0,1,0,차대사람 - 기타,보행자보호의무위반,포장 - 건조,맑음,교차로 - 교차로횡단보도내,승용,여,27세,상해없음,보행자,남,65세,경상
4429,2019042700100698,2019년 4월 27일 23시,토요일,부산광역시 연제구 거제동,경상사고,0,0,1,0,차대사람 - 기타,안전운전불이행,포장 - 건조,맑음,교차로 - 교차로부근,승합,남,40세,상해없음,보행자,여,71세,경상
4430,2019042800100069,2019년 4월 28일 04시,일요일,부산광역시 해운대구 우동,중상사고,0,1,0,0,차대사람 - 횡단중,안전운전불이행,포장 - 건조,맑음,교차로 - 교차로횡단보도내,이륜,남,31세,상해없음,보행자,여,68세,중상
4431,2019042800100099,2019년 4월 28일 07시,일요일,부산광역시 동래구 온천동,경상사고,0,0,1,0,차대사람 - 횡단중,보행자보호의무위반,포장 - 건조,맑음,교차로 - 교차로부근,승용,남,68세,상해없음,보행자,여,24세,경상
4432,2019042800100114,2019년 4월 28일 08시,일요일,부산광역시 해운대구 우동,중상사고,0,1,0,0,차대사람 - 차도통행중,안전운전불이행,포장 - 건조,맑음,교차로 - 교차로부근,승용,여,48세,상해없음,보행자,여,81세,중상
4433,2019042800100208,2019년 4월 28일 13시,일요일,부산광역시 서구 암남동,중상사고,0,1,0,0,차대사람 - 길가장자리구역통행중,안전운전불이행,포장 - 건조,맑음,단일로 - 기타,승용,여,41세,상해없음,보행자,여,89세,중상
4434,2019042800100272,2019년 4월 28일 15시,일요일,부산광역시 사상구 덕포동,경상사고,0,0,1,0,차대사람 - 기타,안전운전불이행,포장 - 건조,맑음,단일로 - 기타,승용,남,71세,상해없음,보행자,남,52세,경상
4435,2019042800100297,2019년 4월 28일 16시,일요일,부산광역시 수영구 광안동,중상사고,0,1,0,0,차대사람 - 길가장자리구역통행중,안전운전불이행,포장 - 건조,맑음,단일로 - 기타,승용,여,26세,상해없음,보행자,여,67세,중상
4436,2019042800100389,2019년 4월 28일 19시,일요일,부산광역시 사하구 당리동,경상사고,0,0,1,0,차대사람 - 기타,안전운전불이행,포장 - 건조,맑음,교차로 - 교차로부근,기타불명,기타불명,미분류,기타불명,보행자,남,15세,경상
4437,2019042800100470,2019년 4월 28일 22시,일요일,부산광역시 부산진구 부전동,경상사고,0,0,1,0,차대사람 - 횡단중,안전운전불이행,포장 - 건조,맑음,교차로 - 교차로안,승용,남,34세,기타불명,보행자,남,48세,경상
4438,2019042900100027,2019년 4월 29일 00시,월요일,부산광역시 수영구 광안동,경상사고,0,0,1,0,차대사람 - 길가장자리구역통행중,안전운전불이행,포장 - 건조,맑음,교차로 - 교차로부근,승용,남,47세,상해없음,보행자,여,40세,경상
4439,2019042900100028,2019년 4월 29일 00시,월요일,부산광역시 사하구 하단동,부상신고사고,0,0,0,1,차대사람 - 기타,안전운전불이행,포장 - 건조,맑음,단일로 - 기타,화물,남,43세,상해없음,보행자,남,56세,부상신고
4440,2019042900100059,2019년 4월 29일 05시,월요일,부산광역시 사하구 괴정동,중상사고,0,1,0,0,차대사람 - 기타,기타,포장 - 건조,맑음,단일로 - 기타,승합,남,61세,상해없음,보행자,여,67세,중상
4441,2019042900100125,2019년 4월 29일 08시,월요일,부산광역시 수영구 남천동,경상사고,0,0,1,0,차대사람 - 보도통행중,보행자보호의무위반,포장 - 젖음/습기,비,교차로 - 교차로횡단보도내,화물,남,65세,상해없음,보행자,남,9세,경상
4442,2019042900100197,2019년 4월 29일 10시,월요일,부산광역시 연제구 연산동,중상사고,0,1,0,0,차대사람 - 횡단중,신호위반,포장 - 젖음/습기,비,교차로 - 교차로횡단보도내,이륜,남,41세,상해없음,보행자,남,67세,중상
4443,2019042900100235,2019년 4월 29일 11시,월요일,부산광역시 부산진구 양정동,중상사고,0,1,1,0,차대사람 - 보도통행중,신호위반,포장 - 젖음/습기,비,기타 - 기타,승용,남,62세,상해없음,보행자,남,65세,중상
4444,2019042900100275,2019년 4월 29일 12시,월요일,부산광역시 수영구 수영동,경상사고,0,0,1,0,차대사람 - 기타,안전운전불이행,포장 - 젖음/습기,비,단일로 - 기타,기타불명,기타불명,미분류,기타불명,보행자,남,19세,경상
4445,2019042900100369,2019년 4월 29일 15시,월요일,부산광역시 북구 구포동,경상사고,0,0,1,0,차대사람 - 횡단중,보행자보호의무위반,포장 - 건조,맑음,단일로 - 기타,승용,남,52세,상해없음,보행자,남,26세,경상
4446,2019042900100407,2019년 4월 29일 16시,월요일,부산광역시 사상구 감전동,경상사고,0,0,1,0,차대사람 - 횡단중,신호위반,포장 - 젖음/습기,비,교차로 - 교차로횡단보도내,이륜,남,55세,상해없음,보행자,여,61세,경상
4447,2019042900100444,2019년 4월 29일 17시,월요일,부산광역시 해운대구 우동,중상사고,0,1,0,0,차대사람 - 기타,중앙선침범,포장 - 젖음/습기,비,단일로 - 기타,승합,여,60세,상해없음,보행자,여,76세,중상
4448,2019042900100499,2019년 4월 29일 18시,월요일,부산광역시 동구 수정동,경상사고,0,0,1,0,차대사람 - 보도통행중,안전운전불이행,포장 - 서리/결빙,비,단일로 - 기타,승용,남,42세,상해없음,보행자,여,45세,경상
4449,2019042900100501,2019년 4월 29일 18시,월요일,부산광역시 동래구 온천동,경상사고,0,0,1,0,차대사람 - 기타,보행자보호의무위반,포장 - 젖음/습기,비,교차로 - 교차로횡단보도내,이륜,기타불명,미분류,기타불명,보행자,여,39세,경상
4450,2019042900100565,2019년 4월 29일 20시,월요일,부산광역시 해운대구 재송동,중상사고,0,1,0,0,차대사람 - 기타,안전운전불이행,포장 - 젖음/습기,비,단일로 - 기타,승합,남,58세,상해없음,보행자,남,56세,중상
4451,2019043000100022,2019년 4월 30일 00시,화요일,부산광역시 부산진구 전포동,중상사고,0,1,0,0,차대사람 - 횡단중,안전운전불이행,포장 - 젖음/습기,비,단일로 - 기타,승용,남,50세,상해없음,보행자,남,59세,중상
4452,2019043000100156,2019년 4월 30일 09시,화요일,부산광역시 영도구 영선동2가,중상사고,0,1,0,0,차대사람 - 횡단중,안전운전불이행,포장 - 건조,맑음,단일로 - 기타,승용,남,44세,상해없음,보행자,여,72세,중상
4453,2019043000100259,2019년 4월 30일 12시,화요일,부산광역시 사상구 주례동,부상신고사고,0,0,0,1,차대사람 - 기타,안전운전불이행,포장 - 건조,맑음,단일로 - 기타,화물,남,54세,상해없음,보행자,남,63세,부상신고
4454,2019043000100350,2019년 4월 30일 15시,화요일,부산광역시 기장군 기장읍,경상사고,0,0,1,0,차대사람 - 횡단중,보행자보호의무위반,포장 - 건조,맑음,교차로 - 교차로부근,승용,남,61세,상해없음,보행자,여,30세,경상
4455,2019043000100469,2019년 4월 30일 18시,화요일,부산광역시 영도구 영선동4가,경상사고,0,0,1,0,차대사람 - 횡단중,안전운전불이행,포장 - 건조,맑음,교차로 - 교차로부근,승용,남,39세,상해없음,보행자,남,13세,경상
4456,2019043000100537,2019년 4월 30일 20시,화요일,부산광역시 북구 화명동,경상사고,0,0,1,0,차대사람 - 차도통행중,안전운전불이행,포장 - 건조,맑음,교차로 - 교차로안,승용,여,48세,상해없음,보행자,남,47세,경상
4457,2019043000100539,2019년 4월 30일 20시,화요일,부산광역시 연제구 거제동,중상사고,0,1,0,0,차대사람 - 차도통행중,안전운전불이행,포장 - 건조,흐림,교차로 - 교차로안,승용,남,55세,상해없음,보행자,여,73세,중상
4458,2019050100100033,2019년 5월 1일 00시,수요일,부산광역시 부산진구 범천동,경상사고,0,0,1,0,차대사람 - 기타,기타,포장 - 건조,맑음,단일로 - 기타,승용,여,26세,상해없음,보행자,여,21세,경상
4459,2019050100100049,2019년 5월 1일 01시,수요일,부산광역시 부산진구 가야동,중상사고,0,1,0,0,차대사람 - 차도통행중,안전운전불이행,포장 - 건조,맑음,단일로 - 기타,승용,남,66세,상해없음,보행자,남,42세,중상
4460,2019050100100098,2019년 5월 1일 05시,수요일,부산광역시 북구 구포동,중상사고,0,1,0,0,차대사람 - 기타,안전운전불이행,포장 - 건조,맑음,단일로 - 기타,화물,남,55세,상해없음,보행자,여,48세,중상
4461,2019050100100099,2019년 5월 1일 05시,수요일,부산광역시 동래구 낙민동,중상사고,0,1,0,0,차대사람 - 보도통행중,안전운전불이행,포장 - 건조,맑음,단일로 - 기타,승용,남,63세,상해없음,보행자,남,76세,중상
4462,2019050100100107,2019년 5월 1일 06시,수요일,부산광역시 사하구 괴정동,경상사고,0,0,1,0,차대사람 - 횡단중,안전운전불이행,포장 - 건조,흐림,단일로 - 지하차도(도로)내,승용,남,67세,상해없음,보행자,남,77세,경상
4463,2019050100100153,2019년 5월 1일 09시,수요일,부산광역시 금정구 부곡동,중상사고,0,1,0,0,차대사람 - 횡단중,안전운전불이행,포장 - 건조,맑음,교차로 - 교차로안,승용,여,45세,상해없음,보행자,남,56세,중상
4464,2019050100100187,2019년 5월 1일 11시,수요일,부산광역시 사하구 괴정동,경상사고,0,0,1,0,차대사람 - 길가장자리구역통행중,안전운전불이행,포장 - 건조,맑음,단일로 - 기타,기타불명,기타불명,미분류,기타불명,보행자,여,78세,경상
4465,2019050100100338,2019년 5월 1일 15시,수요일,부산광역시 기장군 기장읍,중상사고,0,1,0,0,차대사람 - 차도통행중,안전운전불이행,포장 - 건조,맑음,교차로 - 교차로안,승용,여,33세,상해없음,보행자,여,33세,중상
4466,2019050100100480,2019년 5월 1일 19시,수요일,부산광역시 부산진구 부전동,경상사고,0,0,1,0,차대사람 - 보도통행중,기타,포장 - 건조,맑음,기타 - 기타,이륜,남,61세,상해없음,보행자,남,42세,경상
4467,2019050200100045,2019년 5월 2일 03시,목요일,부산광역시 금정구 구서동,중상사고,0,1,0,0,차대사람 - 기타,안전운전불이행,포장 - 건조,맑음,단일로 - 기타,승용,남,53세,상해없음,보행자,여,26세,중상
4468,2019050200100084,2019년 5월 2일 07시,목요일,부산광역시 수영구 남천동,중상사고,0,1,0,0,차대사람 - 횡단중,안전운전불이행,포장 - 건조,맑음,교차로 - 교차로안,승용,여,45세,상해없음,보행자,남,84세,중상
4469,2019050200100085,2019년 5월 2일 07시,목요일,부산광역시 남구 문현동,경상사고,0,0,1,0,차대사람 - 길가장자리구역통행중,안전운전불이행,포장 - 건조,맑음,단일로 - 기타,승용,남,48세,상해없음,보행자,남,18세,경상
4470,2019050200100173,2019년 5월 2일 09시,목요일,부산광역시 부산진구 전포동,중상사고,0,1,0,0,차대사람 - 횡단중,보행자보호의무위반,포장 - 건조,맑음,단일로 - 기타,승용,여,59세,상해없음,보행자,남,79세,중상
4471,2019050200100174,2019년 5월 2일 09시,목요일,부산광역시 사하구 장림동,중상사고,0,1,0,0,차대사람 - 기타,신호위반,포장 - 건조,맑음,단일로 - 기타,승용,여,34세,상해없음,보행자,여,62세,중상
4472,2019050200100213,2019년 5월 2일 10시,목요일,부산광역시 사하구 다대동,중상사고,0,1,0,0,차대사람 - 횡단중,보행자보호의무위반,포장 - 건조,맑음,교차로 - 교차로횡단보도내,화물,남,52세,상해없음,보행자,남,71세,중상
4473,2019050200100243,2019년 5월 2일 11시,목요일,부산광역시 연제구 연산동,경상사고,0,0,1,0,차대사람 - 기타,보행자보호의무위반,포장 - 건조,맑음,단일로 - 기타,승용,여,23세,상해없음,보행자,여,64세,경상
4474,2019050200100281,2019년 5월 2일 12시,목요일,부산광역시 강서구 대저1동,중상사고,0,1,0,0,차대사람 - 횡단중,안전운전불이행,포장 - 건조,맑음,교차로 - 교차로부근,이륜,남,16세,상해없음,보행자,남,25세,중상
4475,2019050200100311,2019년 5월 2일 13시,목요일,부산광역시 해운대구 우동,중상사고,0,1,0,0,차대사람 - 보도통행중,기타,포장 - 건조,맑음,단일로 - 기타,승합,남,64세,상해없음,보행자,여,77세,중상
4476,2019050200100388,2019년 5월 2일 15시,목요일,부산광역시 북구 덕천동,경상사고,0,0,1,0,차대사람 - 차도통행중,안전운전불이행,포장 - 건조,맑음,단일로 - 기타,승용,남,38세,상해없음,보행자,여,71세,경상
4477,2019050200100390,2019년 5월 2일 15시,목요일,부산광역시 기장군 정관읍,경상사고,0,0,2,0,차대사람 - 횡단중,신호위반,포장 - 건조,맑음,기타 - 기타,이륜,남,29세,상해없음,보행자,여,9세,경상
4478,2019050200100473,2019년 5월 2일 17시,목요일,부산광역시 해운대구 좌동,부상신고사고,0,0,0,1,차대사람 - 횡단중,안전운전불이행,포장 - 건조,맑음,단일로 - 기타,승용,여,36세,상해없음,보행자,남,9세,부상신고
4479,2019050200100518,2019년 5월 2일 18시,목요일,부산광역시 사하구 하단동,중상사고,0,1,0,0,차대사람 - 기타,안전운전불이행,포장 - 건조,맑음,단일로 - 기타,승용,남,52세,상해없음,보행자,여,54세,중상
4480,2019050200100574,2019년 5월 2일 19시,목요일,부산광역시 남구 대연동,부상신고사고,0,0,0,1,차대사람 - 길가장자리구역통행중,안전운전불이행,포장 - 건조,맑음,교차로 - 교차로부근,기타불명,기타불명,미분류,기타불명,보행자,남,25세,부상신고
4481,2019050200100575,2019년 5월 2일 19시,목요일,부산광역시 부산진구 부전동,경상사고,0,0,1,0,차대사람 - 기타,안전운전불이행,포장 - 건조,맑음,단일로 - 기타,화물,남,65세,상해없음,보행자,남,51세,경상
4482,2019050200100676,2019년 5월 2일 22시,목요일,부산광역시 사하구 하단동,중상사고,0,1,0,0,차대사람 - 횡단중,안전운전불이행,포장 - 건조,맑음,단일로 - 기타,승용,남,65세,상해없음,보행자,남,60세,중상
4483,2019050300100077,2019년 5월 3일 05시,금요일,부산광역시 사상구 엄궁동,경상사고,0,0,1,0,차대사람 - 길가장자리구역통행중,안전운전불이행,포장 - 건조,맑음,단일로 - 기타,승용,남,61세,상해없음,보행자,남,27세,경상
4484,2019050300100111,2019년 5월 3일 07시,금요일,부산광역시 연제구 연산동,경상사고,0,0,1,0,차대사람 - 횡단중,중앙선침범,포장 - 건조,맑음,단일로 - 기타,승용,여,54세,상해없음,보행자,여,21세,경상
4485,2019050300100188,2019년 5월 3일 09시,금요일,부산광역시 동래구 명장동,중상사고,0,1,0,0,차대사람 - 차도통행중,안전운전불이행,포장 - 건조,맑음,단일로 - 기타,승용,남,70세,상해없음,보행자,남,50세,중상
4486,2019050300100224,2019년 5월 3일 10시,금요일,부산광역시 부산진구 부전동,중상사고,0,1,0,0,차대사람 - 보도통행중,기타,포장 - 건조,맑음,기타 - 기타,화물,남,55세,상해없음,보행자,여,67세,중상
4487,2019050300100258,2019년 5월 3일 11시,금요일,부산광역시 수영구 광안동,중상사고,0,1,0,0,차대사람 - 횡단중,보행자보호의무위반,포장 - 건조,맑음,교차로 - 교차로횡단보도내,화물,남,31세,상해없음,보행자,여,79세,중상
4488,2019050300100291,2019년 5월 3일 12시,금요일,부산광역시 남구 대연동,경상사고,0,0,1,0,차대사람 - 보도통행중,보행자보호의무위반,포장 - 건조,맑음,교차로 - 교차로횡단보도내,승용,여,48세,상해없음,보행자,여,46세,경상
4489,2019050300100292,2019년 5월 3일 12시,금요일,부산광역시 연제구 거제동,경상사고,0,0,2,0,차대사람 - 기타,기타,포장 - 건조,맑음,단일로 - 기타,승합,남,60세,상해없음,보행자,여,45세,경상
4490,2019050300100404,2019년 5월 3일 15시,금요일,부산광역시 서구 동대신동1가,경상사고,0,0,1,0,차대사람 - 길가장자리구역통행중,안전운전불이행,포장 - 건조,맑음,단일로 - 기타,화물,남,64세,상해없음,보행자,남,71세,경상
4491,2019050300100451,2019년 5월 3일 16시,금요일,부산광역시 남구 용호동,중상사고,0,1,0,0,차대사람 - 횡단중,보행자보호의무위반,포장 - 건조,맑음,교차로 - 교차로부근,승용,여,30세,상해없음,보행자,남,10세,중상