,사고번호,사고일시,요일,시군구,사고내용,사망자수,중상자수,경상자수,부상신고자수,사고유형,법규위반,노면상태,기상상태,도로형태,가해운전자 차종,가해운전자 성별,가해운전자 연령,가해운전자 상해정도,피해운전자 차종,피해운전자 성별,피해운전자 연령,피해운전자 상해정도
5058,2019070500100579,2019년 7월 5일 19시,금요일,부산광역시 부산진구 개금동,경상사고,0,0,1,0,차대사람 - 보도통행중,기타,포장 - 건조,맑음,기타 - 기타,자전거,기타불명,미분류,기타불명,보행자,여,40세,경상
5059,2019070500100634,2019년 7월 5일 21시,금요일,부산광역시 사상구 괘법동,경상사고,0,0,2,0,차대사람 - 횡단중,안전운전불이행,포장 - 건조,맑음,교차로 - 교차로안,승용,남,53세,상해없음,보행자,남,30세,경상
5060,2019070500100690,2019년 7월 5일 23시,금요일,부산광역시 사하구 하단동,중상사고,0,1,0,0,차대사람 - 횡단중,안전운전불이행,포장 - 건조,맑음,단일로 - 기타,승용,여,31세,상해없음,보행자,여,82세,중상
5061,2019070600100187,2019년 7월 6일 09시,토요일,부산광역시 해운대구 석대동,사망사고,1,0,0,0,차대사람 - 횡단중,안전운전불이행,포장 - 건조,맑음,교차로 - 교차로부근,승합,남,46세,상해없음,보행자,여,74세,사망
5062,2019070600100350,2019년 7월 6일 13시,토요일,부산광역시 사하구 다대동,중상사고,0,1,0,0,차대사람 - 횡단중,불법유턴,포장 - 건조,맑음,교차로 - 교차로부근,승용,남,58세,상해없음,보행자,남,75세,중상
5063,2019070600100392,2019년 7월 6일 14시,토요일,부산광역시 부산진구 부전동,중상사고,0,1,0,0,차대사람 - 횡단중,중앙선침범,포장 - 건조,맑음,단일로 - 기타,승용,여,59세,상해없음,보행자,여,62세,중상
5064,2019070600100470,2019년 7월 6일 16시,토요일,부산광역시 부산진구 양정동,중상사고,0,1,0,0,차대사람 - 기타,신호위반,포장 - 건조,맑음,교차로 - 교차로횡단보도내,승용,남,22세,상해없음,보행자,남,8세,중상
5065,2019070600100473,2019년 7월 6일 16시,토요일,부산광역시 강서구 신호동,경상사고,0,0,1,0,차대사람 - 기타,안전운전불이행,포장 - 건조,맑음,단일로 - 기타,승용,남,52세,상해없음,보행자,남,5세,경상
5066,2019070600100558,2019년 7월 6일 18시,토요일,부산광역시 사하구 괴정동,중상사고,0,1,0,0,차대사람 - 차도통행중,안전운전불이행,포장 - 건조,맑음,단일로 - 기타,이륜,여,19세,상해없음,보행자,여,60세,중상
5067,2019070600100586,2019년 7월 6일 19시,토요일,부산광역시 남구 대연동,중상사고,0,1,0,0,차대사람 - 횡단중,보행자보호의무위반,포장 - 건조,맑음,단일로 - 기타,승용,남,25세,상해없음,보행자,남,53세,중상
5068,2019070600100587,2019년 7월 6일 19시,토요일,부산광역시 수영구 민락동,중상사고,0,1,0,0,차대사람 - 기타,안전운전불이행,포장 - 건조,맑음,단일로 - 기타,이륜,남,42세,상해없음,보행자,남,4세,중상
5069,2019070600100653,2019년 7월 6일 21시,토요일,부산광역시 동래구 수안동,경상사고,0,0,1,0,차대사람 - 기타,중앙선침범,포장 - 건조,맑음,단일로 - 기타,승용,남,41세,상해없음,보행자,남,55세,경상
5070,2019070600100654,2019년 7월 6일 21시,토요일,부산광역시 부산진구 범천동,중상사고,0,1,0,0,차대사람 - 횡단중,안전운전불이행,포장 - 건조,맑음,교차로 - 교차로부근,이륜,남,69세,상해없음,보행자,남,56세,중상
5071,2019070600100655,2019년 7월 6일 21시,토요일,부산광역시 사하구 하단동,중상사고,0,1,0,0,차대사람 - 보도통행중,기타,포장 - 건조,맑음,기타 - 기타,자전거,남,38세,상해없음,보행자,남,73세,중상
5072,2019070700100070,2019년 7월 7일 04시,일요일,부산광역시 부산진구 부전동,경상사고,0,0,2,0,차대사람 - 길가장자리구역통행중,안전운전불이행,포장 - 건조,맑음,단일로 - 기타,승용,남,30세,상해없음,보행자,남,38세,경상
5073,2019070700100106,2019년 7월 7일 08시,일요일,부산광역시 해운대구 우동,경상사고,0,0,1,0,차대사람 - 보도통행중,기타,포장 - 건조,맑음,단일로 - 기타,이륜,남,23세,상해없음,보행자,남,32세,경상
5074,2019070700100139,2019년 7월 7일 10시,일요일,부산광역시 기장군 기장읍,경상사고,0,0,1,0,차대사람 - 차도통행중,안전운전불이행,포장 - 건조,맑음,단일로 - 기타,승용,남,53세,상해없음,보행자,남,75세,경상
5075,2019070700100216,2019년 7월 7일 13시,일요일,부산광역시 연제구 연산동,경상사고,0,0,1,0,차대사람 - 기타,안전운전불이행,포장 - 건조,맑음,단일로 - 기타,승용,남,79세,상해없음,보행자,여,13세,경상
5076,2019070700100252,2019년 7월 7일 14시,일요일,부산광역시 중구 부평동3가,경상사고,0,0,1,0,차대사람 - 기타,안전운전불이행,포장 - 건조,맑음,단일로 - 기타,승용,여,36세,기타불명,보행자,여,75세,경상
5077,2019070700100289,2019년 7월 7일 15시,일요일,부산광역시 강서구 명지동,경상사고,0,0,1,0,차대사람 - 보도통행중,보행자보호의무위반,포장 - 건조,맑음,단일로 - 기타,이륜,남,46세,상해없음,보행자,여,7세,경상
5078,2019070700100417,2019년 7월 7일 19시,일요일,부산광역시 남구 대연동,중상사고,0,1,0,0,차대사람 - 횡단중,안전운전불이행,포장 - 건조,맑음,교차로 - 교차로부근,승용,남,63세,상해없음,보행자,남,50세,중상
5079,2019070800100038,2019년 7월 8일 01시,월요일,부산광역시 사하구 신평동,경상사고,0,0,1,0,차대사람 - 기타,안전운전불이행,포장 - 건조,맑음,단일로 - 지하차도(도로)내,기타불명,기타불명,미분류,기타불명,보행자,남,48세,경상
5080,2019070800100110,2019년 7월 8일 08시,월요일,부산광역시 해운대구 재송동,중상사고,0,1,0,0,차대사람 - 보도통행중,기타,포장 - 건조,맑음,단일로 - 기타,개인형이동수단(PM),남,36세,상해없음,보행자,여,72세,중상
5081,2019070800100274,2019년 7월 8일 12시,월요일,부산광역시 중구 영주동,중상사고,0,1,0,0,차대사람 - 차도통행중,안전운전불이행,포장 - 건조,맑음,단일로 - 기타,화물,남,40세,상해없음,보행자,여,67세,중상
5082,2019070800100309,2019년 7월 8일 13시,월요일,부산광역시 연제구 연산동,중상사고,0,1,0,0,차대사람 - 기타,안전운전불이행,포장 - 건조,맑음,단일로 - 기타,자전거,남,16세,상해없음,보행자,여,63세,중상
5083,2019070800100332,2019년 7월 8일 14시,월요일,부산광역시 동구 초량동,중상사고,0,1,0,0,차대사람 - 차도통행중,안전운전불이행,포장 - 건조,맑음,단일로 - 기타,승용,남,72세,상해없음,보행자,남,59세,중상
5084,2019070800100333,2019년 7월 8일 14시,월요일,부산광역시 서구 서대신동3가,중상사고,0,1,0,0,차대사람 - 횡단중,신호위반,포장 - 건조,맑음,단일로 - 기타,승용,남,27세,상해없음,보행자,남,9세,중상
5085,2019070800100334,2019년 7월 8일 14시,월요일,부산광역시 부산진구 전포동,경상사고,0,0,1,0,차대사람 - 기타,안전운전불이행,포장 - 건조,맑음,단일로 - 기타,승용,여,72세,상해없음,보행자,남,26세,경상
5086,2019070800100401,2019년 7월 8일 16시,월요일,부산광역시 부산진구 개금동,경상사고,0,0,1,0,차대사람 - 기타,안전운전불이행,포장 - 건조,맑음,단일로 - 기타,승용,남,56세,상해없음,보행자,남,62세,경상
5087,2019070800100442,2019년 7월 8일 17시,월요일,부산광역시 부산진구 개금동,경상사고,0,0,1,0,차대사람 - 횡단중,보행자보호의무위반,포장 - 건조,맑음,단일로 - 기타,승용,여,41세,상해없음,보행자,남,5세,경상
5088,2019070800100511,2019년 7월 8일 19시,월요일,부산광역시 북구 화명동,중상사고,0,1,0,0,차대사람 - 보도통행중,기타,포장 - 젖음/습기,비,단일로 - 기타,승용,여,46세,상해없음,보행자,남,15세,중상
5089,2019070800100512,2019년 7월 8일 19시,월요일,부산광역시 부산진구 부전동,경상사고,0,0,1,0,차대사람 - 기타,안전운전불이행,포장 - 건조,맑음,단일로 - 기타,승용,여,37세,상해없음,보행자,여,78세,경상
5090,2019070800100607,2019년 7월 8일 23시,월요일,부산광역시 수영구 광안동,경상사고,0,0,1,0,차대사람 - 횡단중,보행자보호의무위반,포장 - 건조,맑음,교차로 - 교차로안,승용,남,49세,상해없음,보행자,남,33세,경상
5091,2019070900100038,2019년 7월 9일 01시,화요일,부산광역시 연제구 거제동,중상사고,0,1,0,0,차대사람 - 횡단중,보행자보호의무위반,포장 - 건조,맑음,교차로 - 교차로횡단보도내,이륜,남,19세,상해없음,보행자,여,40세,중상
5092,2019070900100127,2019년 7월 9일 08시,화요일,부산광역시 중구 중앙동2가,경상사고,0,0,1,0,차대사람 - 차도통행중,안전운전불이행,포장 - 건조,맑음,단일로 - 기타,승용,남,45세,상해없음,보행자,남,48세,경상
5093,2019070900100216,2019년 7월 9일 10시,화요일,부산광역시 금정구 선동,경상사고,0,0,1,0,차대사람 - 기타,안전운전불이행,포장 - 건조,맑음,단일로 - 기타,자전거,여,63세,상해없음,보행자,여,55세,경상
5094,2019070900100248,2019년 7월 9일 11시,화요일,부산광역시 서구 서대신동2가,경상사고,0,0,1,0,차대사람 - 길가장자리구역통행중,안전운전불이행,포장 - 건조,흐림,단일로 - 기타,승용,여,33세,상해없음,보행자,여,50세,경상
5095,2019070900100372,2019년 7월 9일 15시,화요일,부산광역시 남구 문현동,경상사고,0,0,1,0,차대사람 - 길가장자리구역통행중,안전운전불이행,포장 - 건조,맑음,단일로 - 기타,승용,여,44세,상해없음,보행자,남,76세,경상
5096,2019070900100373,2019년 7월 9일 15시,화요일,부산광역시 부산진구 당감동,중상사고,0,1,0,0,차대사람 - 기타,안전운전불이행,포장 - 건조,맑음,단일로 - 기타,승합,남,50세,상해없음,보행자,여,77세,중상
5097,2019070900100482,2019년 7월 9일 18시,화요일,부산광역시 북구 덕천동,경상사고,0,0,1,0,차대사람 - 기타,안전운전불이행,포장 - 건조,맑음,단일로 - 기타,승용,남,56세,상해없음,보행자,여,21세,경상
5098,2019070900100483,2019년 7월 9일 18시,화요일,부산광역시 부산진구 개금동,중상사고,0,1,0,0,차대사람 - 길가장자리구역통행중,안전운전불이행,포장 - 건조,맑음,단일로 - 기타,승용,남,66세,상해없음,보행자,여,72세,중상
5099,2019070900100586,2019년 7월 9일 21시,화요일,부산광역시 부산진구 부전동,중상사고,0,1,0,0,차대사람 - 횡단중,보행자보호의무위반,포장 - 건조,맑음,교차로 - 교차로횡단보도내,이륜,남,57세,상해없음,보행자,여,54세,중상
5100,2019070900100616,2019년 7월 9일 22시,화요일,부산광역시 해운대구 중동,경상사고,0,0,1,0,차대사람 - 횡단중,보행자보호의무위반,포장 - 건조,맑음,단일로 - 기타,승용,남,46세,상해없음,보행자,여,32세,경상
5101,2019070900100639,2019년 7월 9일 23시,화요일,부산광역시 동구 수정동,중상사고,0,1,0,0,차대사람 - 기타,안전운전불이행,포장 - 건조,맑음,단일로 - 기타,승용,남,30세,상해없음,보행자,남,59세,중상
5102,2019071000100057,2019년 7월 10일 05시,수요일,부산광역시 강서구 대저2동,중상사고,0,1,0,0,차대사람 - 기타,안전운전불이행,포장 - 건조,맑음,단일로 - 기타,승용,남,64세,상해없음,보행자,여,26세,중상
5103,2019071000100080,2019년 7월 10일 07시,수요일,부산광역시 북구 금곡동,중상사고,0,1,0,0,차대사람 - 횡단중,신호위반,포장 - 건조,맑음,교차로 - 교차로부근,승합,남,54세,상해없음,보행자,여,13세,중상
5104,2019071000100202,2019년 7월 10일 11시,수요일,부산광역시 북구 구포동,부상신고사고,0,0,0,1,차대사람 - 기타,안전운전불이행,포장 - 건조,맑음,단일로 - 기타,화물,남,63세,상해없음,보행자,남,49세,부상신고
5105,2019071000100239,2019년 7월 10일 12시,수요일,부산광역시 부산진구 범천동,중상사고,0,1,0,0,차대사람 - 기타,안전운전불이행,포장 - 젖음/습기,비,단일로 - 기타,이륜,남,64세,상해없음,보행자,여,62세,중상
5106,2019071000100323,2019년 7월 10일 15시,수요일,부산광역시 연제구 연산동,경상사고,0,0,1,0,차대사람 - 횡단중,보행자보호의무위반,포장 - 젖음/습기,비,교차로 - 교차로횡단보도내,화물,남,63세,상해없음,보행자,여,77세,경상
5107,2019071000100400,2019년 7월 10일 17시,수요일,부산광역시 남구 대연동,중상사고,0,1,0,0,차대사람 - 기타,신호위반,포장 - 건조,맑음,단일로 - 기타,승용,남,25세,상해없음,보행자,남,45세,중상
5108,2019071100100090,2019년 7월 11일 06시,목요일,부산광역시 동구 범일동,중상사고,0,1,0,0,차대사람 - 횡단중,보행자보호의무위반,포장 - 젖음/습기,흐림,기타 - 기타,승용,여,51세,상해없음,보행자,여,47세,중상
5109,2019071100100218,2019년 7월 11일 10시,목요일,부산광역시 부산진구 양정동,중상사고,0,1,0,0,차대사람 - 횡단중,신호위반,포장 - 건조,맑음,단일로 - 기타,승용,남,69세,상해없음,보행자,여,37세,중상
5110,2019071100100246,2019년 7월 11일 11시,목요일,부산광역시 부산진구 부전동,경상사고,0,0,1,0,차대사람 - 기타,안전운전불이행,포장 - 건조,맑음,단일로 - 기타,승용,남,53세,상해없음,보행자,여,45세,경상
5111,2019071100100321,2019년 7월 11일 14시,목요일,부산광역시 해운대구 재송동,부상신고사고,0,0,0,1,차대사람 - 기타,기타,포장 - 건조,맑음,단일로 - 기타,승용,여,65세,기타불명,보행자,여,6세,부상신고
5112,2019071100100322,2019년 7월 11일 14시,목요일,부산광역시 해운대구 우동,중상사고,0,1,0,0,차대사람 - 기타,안전운전불이행,포장 - 기타,맑음,기타 - 기타,화물,남,42세,상해없음,보행자,여,66세,중상
5113,2019071100100360,2019년 7월 11일 15시,목요일,부산광역시 기장군 기장읍,중상사고,0,1,0,0,차대사람 - 횡단중,안전운전불이행,포장 - 건조,맑음,단일로 - 기타,승용,여,40세,상해없음,보행자,남,74세,중상
5114,2019071100100391,2019년 7월 11일 16시,목요일,부산광역시 해운대구 반송동,중상사고,0,1,0,0,차대사람 - 기타,보행자보호의무위반,포장 - 기타,맑음,단일로 - 기타,승용,여,27세,상해없음,보행자,여,8세,중상
5115,2019071100100430,2019년 7월 11일 17시,목요일,부산광역시 동구 초량동,경상사고,0,0,1,0,차대사람 - 횡단중,안전운전불이행,포장 - 건조,맑음,단일로 - 기타,승용,남,48세,상해없음,보행자,남,67세,경상
5116,2019071100100431,2019년 7월 11일 17시,목요일,부산광역시 북구 덕천동,중상사고,0,1,0,0,차대사람 - 기타,안전운전불이행,포장 - 건조,맑음,주차장 - 주차장,승용,남,49세,상해없음,보행자,남,45세,중상
5117,2019071100100433,2019년 7월 11일 17시,목요일,부산광역시 연제구 거제동,중상사고,0,1,0,0,차대사람 - 횡단중,보행자보호의무위반,포장 - 건조,맑음,단일로 - 기타,승용,남,35세,상해없음,보행자,여,79세,중상
5118,2019071100100581,2019년 7월 11일 21시,목요일,부산광역시 연제구 연산동,부상신고사고,0,0,0,1,차대사람 - 기타,안전운전불이행,포장 - 건조,맑음,단일로 - 기타,승용,남,44세,상해없음,보행자,남,25세,부상신고
5119,2019071200100079,2019년 7월 12일 06시,금요일,부산광역시 사상구 감전동,경상사고,0,0,1,0,차대사람 - 기타,안전운전불이행,포장 - 건조,맑음,교차로 - 교차로안,승용,남,55세,상해없음,보행자,남,38세,경상
5120,2019071200100134,2019년 7월 12일 08시,금요일,부산광역시 남구 감만동,경상사고,0,0,1,0,차대사람 - 기타,신호위반,포장 - 건조,맑음,단일로 - 기타,승용,남,70세,상해없음,보행자,남,30세,경상
5121,2019071200100180,2019년 7월 12일 09시,금요일,부산광역시 사하구 하단동,경상사고,0,0,1,0,차대사람 - 보도통행중,기타,포장 - 건조,맑음,단일로 - 지하차도(도로)내,이륜,기타불명,미분류,기타불명,보행자,남,76세,경상
5122,2019071200100284,2019년 7월 12일 12시,금요일,부산광역시 동래구 안락동,중상사고,0,1,0,0,차대사람 - 길가장자리구역통행중,신호위반,포장 - 건조,맑음,단일로 - 기타,승합,남,61세,상해없음,보행자,여,25세,중상
5123,2019071200100328,2019년 7월 12일 13시,금요일,부산광역시 부산진구 가야동,경상사고,0,0,1,0,차대사람 - 횡단중,보행자보호의무위반,포장 - 건조,맑음,단일로 - 기타,승용,남,40세,상해없음,보행자,남,9세,경상
5124,2019071200100329,2019년 7월 12일 13시,금요일,부산광역시 부산진구 부전동,경상사고,0,0,1,0,차대사람 - 차도통행중,안전운전불이행,포장 - 건조,맑음,단일로 - 기타,승용,남,37세,상해없음,보행자,남,65세,경상
5125,2019071200100430,2019년 7월 12일 16시,금요일,부산광역시 북구 덕천동,경상사고,0,0,1,0,차대사람 - 기타,안전운전불이행,포장 - 건조,맑음,교차로 - 교차로안,승용,여,61세,상해없음,보행자,여,55세,경상
5126,2019071200100595,2019년 7월 12일 19시,금요일,부산광역시 북구 금곡동,경상사고,0,0,1,0,차대사람 - 기타,안전운전불이행,포장 - 건조,맑음,단일로 - 기타,이륜,남,18세,상해없음,보행자,남,77세,경상
5127,2019071200100660,2019년 7월 12일 21시,금요일,부산광역시 금정구 부곡동,중상사고,0,1,1,0,차대사람 - 횡단중,보행자보호의무위반,포장 - 건조,맑음,교차로 - 교차로부근,승용,남,26세,상해없음,보행자,여,14세,경상
5128,2019071200100686,2019년 7월 12일 22시,금요일,부산광역시 중구 부평동4가,중상사고,0,1,0,0,차대사람 - 횡단중,안전운전불이행,포장 - 건조,맑음,단일로 - 기타,승용,남,65세,상해없음,보행자,남,54세,중상
5129,2019071200100688,2019년 7월 12일 22시,금요일,부산광역시 사상구 덕포동,중상사고,0,1,0,0,차대사람 - 보도통행중,신호위반,포장 - 건조,맑음,단일로 - 기타,이륜,남,20세,상해없음,보행자,여,70세,중상
5130,2019071300100055,2019년 7월 13일 02시,토요일,부산광역시 연제구 거제동,중상사고,0,1,0,0,차대사람 - 횡단중,안전운전불이행,포장 - 건조,맑음,단일로 - 기타,승용,남,65세,상해없음,보행자,남,30세,중상
5131,2019071300100104,2019년 7월 13일 07시,토요일,부산광역시 사하구 하단동,중상사고,0,1,0,0,차대사람 - 기타,안전운전불이행,포장 - 건조,맑음,단일로 - 기타,승합,남,51세,상해없음,보행자,남,67세,중상
5132,2019071300100232,2019년 7월 13일 12시,토요일,부산광역시 기장군 일광면,중상사고,0,1,0,0,차대사람 - 기타,기타,포장 - 건조,맑음,기타 - 기타,화물,남,48세,상해없음,보행자,여,66세,중상
5133,2019071300100308,2019년 7월 13일 14시,토요일,부산광역시 북구 덕천동,경상사고,0,0,1,0,차대사람 - 기타,안전운전불이행,포장 - 젖음/습기,비,기타 - 기타,승용,여,43세,상해없음,보행자,여,21세,경상
5134,2019071300100310,2019년 7월 13일 14시,토요일,부산광역시 부산진구 부전동,경상사고,0,0,1,0,차대사람 - 길가장자리구역통행중,안전운전불이행,포장 - 건조,맑음,단일로 - 기타,승용,여,57세,상해없음,보행자,남,48세,경상
5135,2019071300100342,2019년 7월 13일 15시,토요일,부산광역시 부산진구 초읍동,경상사고,0,0,1,0,차대사람 - 기타,안전운전불이행,포장 - 건조,맑음,단일로 - 기타,승용,남,70세,상해없음,보행자,남,4세,경상
5136,2019071300100381,2019년 7월 13일 16시,토요일,부산광역시 영도구 대교동2가,경상사고,0,0,1,0,차대사람 - 기타,기타,포장 - 건조,맑음,교차로 - 교차로부근,이륜,남,72세,상해없음,보행자,여,70세,경상
5137,2019071300100382,2019년 7월 13일 16시,토요일,부산광역시 금정구 서동,부상신고사고,0,0,0,1,차대사람 - 기타,안전운전불이행,포장 - 건조,맑음,기타 - 기타,이륜,남,24세,상해없음,보행자,남,12세,부상신고
5138,2019071300100519,2019년 7월 13일 20시,토요일,부산광역시 사하구 다대동,경상사고,0,0,1,0,차대사람 - 기타,안전운전불이행,포장 - 건조,맑음,교차로 - 교차로안,승용,남,63세,상해없음,보행자,여,75세,경상
5139,2019071300100542,2019년 7월 13일 21시,토요일,부산광역시 동래구 명륜동,경상사고,0,0,1,0,차대사람 - 기타,안전운전불이행,포장 - 건조,맑음,단일로 - 기타,승용,여,33세,상해없음,보행자,여,22세,경상
5140,2019071300100587,2019년 7월 13일 23시,토요일,부산광역시 북구 만덕동,중상사고,0,1,0,0,차대사람 - 횡단중,안전운전불이행,포장 - 건조,맑음,단일로 - 기타,승용,남,69세,상해없음,보행자,남,41세,중상
5141,2019071400100139,2019년 7월 14일 10시,일요일,부산광역시 부산진구 범천동,경상사고,0,0,1,0,차대사람 - 차도통행중,중앙선침범,포장 - 건조,맑음,단일로 - 기타,승용,남,36세,상해없음,보행자,남,81세,경상
5142,2019071500100051,2019년 7월 15일 06시,월요일,부산광역시 사하구 하단동,중상사고,0,1,0,0,차대사람 - 기타,안전운전불이행,포장 - 건조,맑음,기타 - 기타,자전거,남,55세,상해없음,보행자,남,70세,중상
5143,2019071500100071,2019년 7월 15일 07시,월요일,부산광역시 사하구 신평동,부상신고사고,0,0,0,1,차대사람 - 기타,안전운전불이행,포장 - 건조,맑음,단일로 - 기타,승합,남,65세,상해없음,보행자,남,59세,부상신고
5144,2019071500100104,2019년 7월 15일 08시,월요일,부산광역시 북구 덕천동,경상사고,0,0,1,0,차대사람 - 기타,안전운전불이행,포장 - 건조,맑음,교차로 - 교차로부근,승용,여,27세,상해없음,보행자,여,31세,경상
5145,2019071500100190,2019년 7월 15일 11시,월요일,부산광역시 중구 영주동,경상사고,0,0,1,0,차대사람 - 차도통행중,안전운전불이행,포장 - 건조,맑음,교차로 - 교차로부근,승용,여,28세,상해없음,보행자,남,51세,경상
5146,2019071500100248,2019년 7월 15일 13시,월요일,부산광역시 연제구 연산동,경상사고,0,0,1,0,차대사람 - 기타,안전운전불이행,포장 - 건조,맑음,단일로 - 기타,승용,남,64세,상해없음,보행자,남,56세,경상
5147,2019071500100279,2019년 7월 15일 14시,월요일,부산광역시 중구 부평동4가,중상사고,0,1,0,0,차대사람 - 차도통행중,안전운전불이행,포장 - 건조,맑음,교차로 - 교차로부근,승용,남,25세,상해없음,보행자,남,41세,중상
5148,2019071500100280,2019년 7월 15일 14시,월요일,부산광역시 부산진구 범천동,중상사고,0,1,0,0,차대사람 - 횡단중,보행자보호의무위반,포장 - 건조,맑음,교차로 - 교차로안,승용,여,34세,상해없음,보행자,여,55세,중상
5149,2019071500100281,2019년 7월 15일 14시,월요일,부산광역시 사하구 감천동,경상사고,0,0,1,0,차대사람 - 기타,안전운전불이행,포장 - 건조,맑음,단일로 - 기타,승합,남,66세,상해없음,보행자,여,18세,경상
5150,2019071500100332,2019년 7월 15일 15시,월요일,부산광역시 중구 영주동,중상사고,0,1,0,0,차대사람 - 횡단중,보행자보호의무위반,포장 - 건조,맑음,교차로 - 교차로안,화물,여,54세,상해없음,보행자,여,72세,중상
5151,2019071500100334,2019년 7월 15일 15시,월요일,부산광역시 사하구 장림동,중상사고,0,1,0,0,차대사람 - 횡단중,보행자보호의무위반,포장 - 건조,맑음,단일로 - 지하차도(도로)내,승용,여,42세,기타불명,보행자,여,7세,중상
5152,2019071500100379,2019년 7월 15일 16시,월요일,부산광역시 동래구 온천동,경상사고,0,0,1,0,차대사람 - 횡단중,보행자보호의무위반,포장 - 건조,맑음,단일로 - 기타,승용,여,68세,상해없음,보행자,여,53세,경상
5153,2019071500100433,2019년 7월 15일 17시,월요일,부산광역시 해운대구 재송동,중상사고,0,1,0,0,차대사람 - 횡단중,안전운전불이행,포장 - 건조,맑음,교차로 - 교차로안,승용,여,45세,상해없음,보행자,여,69세,중상
5154,2019071500100434,2019년 7월 15일 17시,월요일,부산광역시 연제구 연산동,경상사고,0,0,1,0,차대사람 - 길가장자리구역통행중,안전운전불이행,포장 - 건조,맑음,단일로 - 기타,승용,여,42세,상해없음,보행자,남,39세,경상
5155,2019071500100534,2019년 7월 15일 19시,월요일,부산광역시 영도구 동삼동,중상사고,0,1,0,0,차대사람 - 횡단중,안전운전불이행,포장 - 젖음/습기,흐림,단일로 - 기타,승용,여,41세,상해없음,보행자,남,71세,중상
5156,2019071500100536,2019년 7월 15일 19시,월요일,부산광역시 부산진구 부전동,경상사고,0,0,1,0,차대사람 - 차도통행중,안전운전불이행,포장 - 건조,맑음,기타 - 기타,이륜,기타불명,미분류,기타불명,보행자,남,40세,경상
5157,2019071500100537,2019년 7월 15일 19시,월요일,부산광역시 기장군 철마면,중상사고,0,1,0,0,차대사람 - 횡단중,신호위반,포장 - 건조,맑음,단일로 - 기타,승용,남,48세,상해없음,보행자,여,31세,중상
5158,2019071600100032,2019년 7월 16일 02시,화요일,부산광역시 사하구 하단동,사망사고,1,0,0,0,차대사람 - 기타,신호위반,포장 - 건조,맑음,교차로 - 교차로부근,승합,남,50세,상해없음,보행자,남,70세,사망
5159,2019071600100133,2019년 7월 16일 09시,화요일,부산광역시 사상구 덕포동,경상사고,0,0,1,0,차대사람 - 기타,안전운전불이행,포장 - 건조,맑음,단일로 - 지하차도(도로)내,승합,남,46세,상해없음,보행자,여,73세,경상
5160,2019071600100194,2019년 7월 16일 11시,화요일,부산광역시 남구 문현동,중상사고,0,1,0,0,차대사람 - 횡단중,보행자보호의무위반,포장 - 건조,맑음,교차로 - 교차로횡단보도내,화물,남,48세,상해없음,보행자,여,70세,중상
5161,2019071600100219,2019년 7월 16일 12시,화요일,부산광역시 남구 대연동,경상사고,0,0,1,0,차대사람 - 길가장자리구역통행중,안전운전불이행,포장 - 건조,맑음,단일로 - 기타,승용,남,22세,상해없음,보행자,남,77세,경상
5162,2019071600100257,2019년 7월 16일 13시,화요일,부산광역시 금정구 서동,경상사고,0,0,1,0,차대사람 - 기타,안전운전불이행,포장 - 건조,맑음,교차로 - 교차로안,승용,여,53세,상해없음,보행자,남,35세,경상
5163,2019071600100289,2019년 7월 16일 14시,화요일,부산광역시 부산진구 개금동,중상사고,0,1,0,0,차대사람 - 횡단중,보행자보호의무위반,포장 - 건조,맑음,단일로 - 기타,승용,남,58세,상해없음,보행자,여,65세,중상
5164,2019071600100411,2019년 7월 16일 17시,화요일,부산광역시 수영구 남천동,경상사고,0,0,1,0,차대사람 - 횡단중,안전운전불이행,포장 - 건조,맑음,단일로 - 기타,기타불명,기타불명,미분류,기타불명,보행자,여,21세,경상
5165,2019071600100467,2019년 7월 16일 18시,화요일,부산광역시 북구 화명동,중상사고,0,1,1,0,차대사람 - 기타,보행자보호의무위반,포장 - 건조,맑음,교차로 - 교차로부근,승합,남,66세,상해없음,보행자,남,64세,중상
5166,2019071600100471,2019년 7월 16일 18시,화요일,부산광역시 사상구 모라동,중상사고,0,1,0,0,차대사람 - 보도통행중,보행자보호의무위반,포장 - 건조,맑음,단일로 - 기타,승용,남,52세,상해없음,보행자,여,52세,중상
5167,2019071700100035,2019년 7월 17일 00시,수요일,부산광역시 해운대구 반송동,중상사고,0,1,0,0,차대사람 - 기타,안전운전불이행,포장 - 건조,맑음,교차로 - 교차로안,승용,남,23세,상해없음,보행자,남,40세,중상
5168,2019071700100054,2019년 7월 17일 02시,수요일,부산광역시 부산진구 양정동,중상사고,0,1,0,0,차대사람 - 기타,안전운전불이행,포장 - 건조,맑음,단일로 - 기타,승용,남,59세,상해없음,보행자,여,64세,중상
5169,2019071700100055,2019년 7월 17일 02시,수요일,부산광역시 기장군 기장읍,부상신고사고,0,0,0,1,차대사람 - 기타,안전운전불이행,포장 - 건조,맑음,단일로 - 기타,승용,여,71세,상해없음,보행자,남,19세,부상신고
5170,2019071700100155,2019년 7월 17일 09시,수요일,부산광역시 해운대구 좌동,경상사고,0,0,1,0,차대사람 - 횡단중,안전운전불이행,포장 - 건조,맑음,교차로 - 교차로안,승용,여,55세,상해없음,보행자,여,75세,경상
5171,2019071700100187,2019년 7월 17일 10시,수요일,부산광역시 부산진구 연지동,중상사고,0,1,0,0,차대사람 - 횡단중,신호위반,포장 - 건조,맑음,단일로 - 기타,건설기계,남,65세,상해없음,보행자,남,82세,중상