,사고번호,사고일시,요일,시군구,사고내용,사망자수,중상자수,경상자수,부상신고자수,사고유형,법규위반,노면상태,기상상태,도로형태,가해운전자 차종,가해운전자 성별,가해운전자 연령,가해운전자 상해정도,피해운전자 차종,피해운전자 성별,피해운전자 연령,피해운전자 상해정도
5737,2019091000100752,2019년 9월 10일 21시,화요일,부산광역시 연제구 연산동,부상신고사고,0,0,0,1,차대사람 - 기타,안전운전불이행,포장 - 건조,맑음,단일로 - 기타,원동기,남,23세,상해없음,보행자,남,59세,부상신고
5738,2019091100100073,2019년 9월 11일 02시,수요일,부산광역시 동래구 온천동,중상사고,0,1,0,0,차대사람 - 횡단중,안전운전불이행,포장 - 건조,맑음,교차로 - 교차로횡단보도내,승용,남,65세,상해없음,보행자,남,34세,중상
5739,2019091100100074,2019년 9월 11일 02시,수요일,부산광역시 동래구 온천동,경상사고,0,0,1,0,차대사람 - 차도통행중,안전운전불이행,포장 - 건조,맑음,단일로 - 기타,자전거,남,43세,상해없음,보행자,여,25세,경상
5740,2019091100100103,2019년 9월 11일 05시,수요일,부산광역시 동래구 안락동,중상사고,0,1,0,0,차대사람 - 횡단중,안전운전불이행,포장 - 젖음/습기,비,교차로 - 교차로안,승용,남,56세,상해없음,보행자,남,64세,중상
5741,2019091100100104,2019년 9월 11일 05시,수요일,부산광역시 연제구 거제동,부상신고사고,0,0,0,1,차대사람 - 횡단중,신호위반,포장 - 젖음/습기,비,단일로 - 기타,기타불명,기타불명,미분류,기타불명,보행자,남,30세,부상신고
5742,2019091100100118,2019년 9월 11일 06시,수요일,부산광역시 연제구 연산동,중상사고,0,1,0,0,차대사람 - 횡단중,안전운전불이행,포장 - 건조,맑음,단일로 - 기타,화물,여,61세,상해없음,보행자,여,42세,중상
5743,2019091100100165,2019년 9월 11일 08시,수요일,부산광역시 해운대구 우동,중상사고,0,1,0,0,차대사람 - 횡단중,안전운전불이행,포장 - 건조,맑음,교차로 - 교차로안,승합,남,49세,상해없음,보행자,여,62세,중상
5744,2019091100100205,2019년 9월 11일 09시,수요일,부산광역시 동래구 안락동,경상사고,0,0,1,0,차대사람 - 횡단중,신호위반,포장 - 건조,맑음,단일로 - 기타,승용,남,46세,상해없음,보행자,여,39세,경상
5745,2019091100100279,2019년 9월 11일 11시,수요일,부산광역시 남구 용호동,중상사고,0,1,0,0,차대사람 - 기타,안전운전불이행,포장 - 건조,맑음,교차로 - 교차로안,승용,남,60세,상해없음,보행자,남,73세,중상
5746,2019091100100281,2019년 9월 11일 11시,수요일,부산광역시 금정구 부곡동,중상사고,0,1,0,0,차대사람 - 차도통행중,안전운전불이행,포장 - 건조,맑음,단일로 - 기타,원동기,남,49세,상해없음,보행자,여,37세,중상
5747,2019091100100370,2019년 9월 11일 13시,수요일,부산광역시 동래구 명륜동,중상사고,0,1,0,0,차대사람 - 기타,안전운전불이행,포장 - 건조,맑음,교차로 - 교차로안,승용,여,53세,상해없음,보행자,남,63세,중상
5748,2019091100100410,2019년 9월 11일 14시,수요일,부산광역시 연제구 거제동,경상사고,0,0,1,0,차대사람 - 차도통행중,보행자보호의무위반,포장 - 건조,맑음,교차로 - 교차로횡단보도내,승용,여,58세,상해없음,보행자,여,76세,경상
5749,2019091100100523,2019년 9월 11일 16시,수요일,부산광역시 사상구 주례동,경상사고,0,0,1,0,차대사람 - 기타,안전운전불이행,포장 - 건조,맑음,교차로 - 교차로부근,화물,남,47세,상해없음,보행자,남,7세,경상
5750,2019091100100581,2019년 9월 11일 17시,수요일,부산광역시 북구 구포동,중상사고,0,1,0,0,차대사람 - 횡단중,안전운전불이행,포장 - 건조,맑음,단일로 - 기타,화물,남,44세,상해없음,보행자,남,8세,중상
5751,2019091100100754,2019년 9월 11일 20시,수요일,부산광역시 부산진구 가야동,중상사고,0,1,0,0,차대사람 - 차도통행중,안전운전불이행,포장 - 건조,맑음,단일로 - 기타,승용,남,58세,상해없음,보행자,여,57세,중상
5752,2019091200100036,2019년 9월 12일 01시,목요일,부산광역시 중구 창선동2가,경상사고,0,0,1,0,차대사람 - 차도통행중,안전운전불이행,포장 - 젖음/습기,비,교차로 - 교차로안,승용,여,26세,상해없음,보행자,남,25세,경상
5753,2019091200100070,2019년 9월 12일 04시,목요일,부산광역시 부산진구 당감동,사망사고,1,0,0,0,차대사람 - 차도통행중,안전운전불이행,포장 - 젖음/습기,비,단일로 - 기타,승용,남,69세,상해없음,보행자,남,42세,사망
5754,2019091200100082,2019년 9월 12일 05시,목요일,부산광역시 부산진구 부전동,중상사고,0,1,0,0,차대사람 - 횡단중,안전운전불이행,포장 - 젖음/습기,비,단일로 - 기타,화물,남,59세,상해없음,보행자,남,27세,중상
5755,2019091200100083,2019년 9월 12일 05시,목요일,부산광역시 부산진구 전포동,중상사고,0,1,0,0,차대사람 - 기타,신호위반,포장 - 젖음/습기,비,교차로 - 교차로횡단보도내,승용,남,37세,상해없음,보행자,남,44세,중상
5756,2019091200100098,2019년 9월 12일 06시,목요일,부산광역시 부산진구 부전동,중상사고,0,1,0,0,차대사람 - 횡단중,신호위반,포장 - 젖음/습기,비,교차로 - 교차로횡단보도내,화물,남,66세,상해없음,보행자,여,68세,중상
5757,2019091200100099,2019년 9월 12일 06시,목요일,부산광역시 부산진구 부전동,중상사고,0,1,0,0,차대사람 - 기타,안전운전불이행,포장 - 젖음/습기,비,단일로 - 기타,승용,남,65세,상해없음,보행자,남,24세,중상
5758,2019091200100340,2019년 9월 12일 16시,목요일,부산광역시 부산진구 가야동,중상사고,0,1,0,0,차대사람 - 횡단중,안전운전불이행,포장 - 건조,맑음,단일로 - 기타,원동기,남,40세,상해없음,보행자,여,62세,중상
5759,2019091200100363,2019년 9월 12일 17시,목요일,부산광역시 남구 용호동,중상사고,0,1,0,0,차대사람 - 차도통행중,안전운전불이행,포장 - 건조,맑음,교차로 - 교차로안,승용,남,30세,상해없음,보행자,여,70세,중상
5760,2019091200100458,2019년 9월 12일 20시,목요일,부산광역시 강서구 지사동,경상사고,0,0,1,0,차대사람 - 횡단중,보행자보호의무위반,포장 - 건조,맑음,단일로 - 기타,승용,남,33세,상해없음,보행자,남,63세,경상
5761,2019091200100529,2019년 9월 12일 23시,목요일,부산광역시 동래구 명륜동,경상사고,0,0,1,0,차대사람 - 기타,안전운전불이행,포장 - 건조,맑음,교차로 - 교차로안,승용,남,67세,상해없음,보행자,여,22세,경상
5762,2019091300100270,2019년 9월 13일 15시,금요일,부산광역시 부산진구 개금동,경상사고,0,0,1,0,차대사람 - 차도통행중,안전운전불이행,포장 - 건조,맑음,단일로 - 기타,승용,남,34세,상해없음,보행자,여,63세,경상
5763,2019091300100302,2019년 9월 13일 16시,금요일,부산광역시 해운대구 중동,중상사고,0,1,0,0,차대사람 - 횡단중,보행자보호의무위반,포장 - 건조,맑음,단일로 - 기타,승합,남,57세,상해없음,보행자,여,20세,중상
5764,2019091400100015,2019년 9월 14일 00시,토요일,부산광역시 서구 충무동3가,중상사고,0,1,0,0,차대사람 - 길가장자리구역통행중,안전운전불이행,포장 - 건조,맑음,단일로 - 기타,승용,남,33세,상해없음,보행자,남,60세,중상
5765,2019091400100069,2019년 9월 14일 06시,토요일,부산광역시 연제구 연산동,중상사고,0,1,0,0,차대사람 - 횡단중,안전운전불이행,포장 - 건조,맑음,단일로 - 기타,승용,남,63세,상해없음,보행자,여,70세,중상
5766,2019091400100251,2019년 9월 14일 16시,토요일,부산광역시 동구 범일동,경상사고,0,0,1,0,차대사람 - 기타,기타,포장 - 건조,맑음,교차로 - 교차로부근,승용,남,51세,상해없음,보행자,남,59세,경상
5767,2019091400100303,2019년 9월 14일 18시,토요일,부산광역시 부산진구 부전동,경상사고,0,0,1,0,차대사람 - 차도통행중,안전운전불이행,포장 - 건조,맑음,교차로 - 교차로안,승용,남,57세,상해없음,보행자,여,32세,경상
5768,2019091400100335,2019년 9월 14일 19시,토요일,부산광역시 남구 대연동,경상사고,0,0,1,0,차대사람 - 횡단중,보행자보호의무위반,포장 - 건조,맑음,단일로 - 기타,승용,여,55세,상해없음,보행자,여,74세,경상
5769,2019091400100337,2019년 9월 14일 19시,토요일,부산광역시 금정구 부곡동,중상사고,0,1,0,0,차대사람 - 기타,안전운전불이행,포장 - 건조,맑음,교차로 - 교차로안,승용,여,42세,상해없음,보행자,남,46세,중상
5770,2019091400100338,2019년 9월 14일 19시,토요일,부산광역시 사하구 장림동,경상사고,0,0,1,0,차대사람 - 횡단중,신호위반,포장 - 건조,맑음,단일로 - 기타,이륜,남,17세,상해없음,보행자,여,8세,경상
5771,2019091400100339,2019년 9월 14일 19시,토요일,부산광역시 사상구 덕포동,중상사고,0,1,0,1,차대사람 - 기타,기타,포장 - 건조,맑음,단일로 - 기타,자전거,남,23세,부상신고,보행자,남,22세,중상
5772,2019091400100358,2019년 9월 14일 20시,토요일,부산광역시 연제구 연산동,중상사고,0,1,1,0,차대사람 - 횡단중,보행자보호의무위반,포장 - 건조,맑음,단일로 - 기타,이륜,남,24세,경상,보행자,남,58세,중상
5773,2019091500100086,2019년 9월 15일 07시,일요일,부산광역시 부산진구 부전동,경상사고,0,0,1,0,차대사람 - 기타,안전운전불이행,포장 - 건조,맑음,교차로 - 교차로부근,승용,남,37세,상해없음,보행자,남,34세,경상
5774,2019091500100307,2019년 9월 15일 17시,일요일,부산광역시 금정구 장전동,부상신고사고,0,0,0,1,차대사람 - 기타,안전운전불이행,포장 - 건조,맑음,기타 - 기타,기타불명,기타불명,미분류,기타불명,보행자,여,21세,부상신고
5775,2019091600100080,2019년 9월 16일 06시,월요일,부산광역시 남구 문현동,사망사고,1,0,0,0,차대사람 - 횡단중,안전운전불이행,포장 - 건조,맑음,단일로 - 기타,화물,남,43세,상해없음,보행자,남,80세,사망
5776,2019091600100181,2019년 9월 16일 09시,월요일,부산광역시 사상구 모라동,중상사고,0,2,0,0,차대사람 - 보도통행중,보행자보호의무위반,포장 - 건조,맑음,단일로 - 기타,승용,여,62세,기타불명,보행자,여,67세,중상
5777,2019091600100269,2019년 9월 16일 12시,월요일,부산광역시 북구 구포동,중상사고,0,1,0,0,차대사람 - 기타,안전운전불이행,포장 - 건조,맑음,단일로 - 기타,기타불명,남,59세,상해없음,보행자,여,72세,중상
5778,2019091600100271,2019년 9월 16일 12시,월요일,부산광역시 사상구 주례동,경상사고,0,0,1,0,차대사람 - 횡단중,신호위반,포장 - 건조,맑음,교차로 - 교차로안,이륜,남,19세,상해없음,보행자,남,25세,경상
5779,2019091600100310,2019년 9월 16일 13시,월요일,부산광역시 동래구 온천동,경상사고,0,0,1,0,차대사람 - 횡단중,보행자보호의무위반,포장 - 건조,맑음,단일로 - 기타,승용,남,51세,상해없음,보행자,남,40세,경상
5780,2019091600100311,2019년 9월 16일 13시,월요일,부산광역시 영도구 동삼동,중상사고,0,1,0,0,차대사람 - 길가장자리구역통행중,안전운전불이행,포장 - 건조,맑음,단일로 - 기타,승용,여,54세,상해없음,보행자,여,81세,중상
5781,2019091600100313,2019년 9월 16일 13시,월요일,부산광역시 부산진구 부전동,경상사고,0,0,1,0,차대사람 - 기타,안전운전불이행,포장 - 건조,맑음,단일로 - 기타,승용,여,47세,상해없음,보행자,여,22세,경상
5782,2019091600100348,2019년 9월 16일 14시,월요일,부산광역시 부산진구 양정동,경상사고,0,0,1,0,차대사람 - 기타,보행자보호의무위반,포장 - 건조,맑음,단일로 - 기타,승합,남,72세,상해없음,보행자,남,39세,경상
5783,2019091600100469,2019년 9월 16일 17시,월요일,부산광역시 부산진구 당감동,중상사고,0,1,0,0,차대사람 - 횡단중,신호위반,포장 - 건조,맑음,교차로 - 교차로횡단보도내,자전거,남,9세,상해없음,보행자,여,82세,중상
5784,2019091600100519,2019년 9월 16일 18시,월요일,부산광역시 수영구 남천동,중상사고,0,1,0,0,차대사람 - 횡단중,보행자보호의무위반,포장 - 건조,맑음,교차로 - 교차로횡단보도내,승합,남,63세,상해없음,보행자,남,48세,중상
5785,2019091600100520,2019년 9월 16일 18시,월요일,부산광역시 사하구 감천동,중상사고,0,1,0,0,차대사람 - 횡단중,신호위반,포장 - 건조,맑음,교차로 - 교차로횡단보도내,이륜,남,18세,상해없음,보행자,여,7세,중상
5786,2019091600100521,2019년 9월 16일 18시,월요일,부산광역시 사상구 주례동,중상사고,0,1,0,0,차대사람 - 횡단중,보행자보호의무위반,포장 - 건조,맑음,교차로 - 교차로횡단보도내,승용,남,55세,상해없음,보행자,여,8세,중상
5787,2019091600100565,2019년 9월 16일 19시,월요일,부산광역시 해운대구 송정동,중상사고,0,1,0,0,차대사람 - 기타,안전운전불이행,포장 - 건조,맑음,단일로 - 기타,승용,여,46세,상해없음,보행자,남,57세,중상
5788,2019091600100566,2019년 9월 16일 19시,월요일,부산광역시 해운대구 좌동,중상사고,0,1,0,0,차대사람 - 차도통행중,직진우회전진행방해,포장 - 건조,맑음,교차로 - 교차로안,승용,남,47세,상해없음,보행자,여,72세,중상
5789,2019091600100567,2019년 9월 16일 19시,월요일,부산광역시 금정구 남산동,중상사고,0,1,0,0,차대사람 - 기타,보행자보호의무위반,포장 - 건조,맑음,교차로 - 교차로부근,승용,남,48세,상해없음,보행자,여,59세,중상
5790,2019091700100227,2019년 9월 17일 10시,화요일,부산광역시 동래구 온천동,중상사고,0,1,0,0,차대사람 - 기타,안전운전불이행,포장 - 건조,맑음,교차로 - 교차로부근,승합,여,59세,상해없음,보행자,남,73세,중상
5791,2019091700100228,2019년 9월 17일 10시,화요일,부산광역시 해운대구 반여동,중상사고,0,1,0,0,차대사람 - 횡단중,안전운전불이행,포장 - 건조,맑음,단일로 - 기타,화물,남,35세,상해없음,보행자,여,67세,중상
5792,2019091700100330,2019년 9월 17일 13시,화요일,부산광역시 북구 덕천동,사망사고,1,0,0,0,차대사람 - 기타,안전운전불이행,포장 - 건조,맑음,교차로 - 교차로안,승용,남,71세,상해없음,보행자,남,59세,사망
5793,2019091700100331,2019년 9월 17일 13시,화요일,부산광역시 해운대구 중동,부상신고사고,0,0,0,1,차대사람 - 기타,안전운전불이행,포장 - 기타,맑음,단일로 - 기타,승용,여,34세,상해없음,보행자,남,62세,부상신고
5794,2019091700100395,2019년 9월 17일 15시,화요일,부산광역시 서구 아미동2가,경상사고,0,0,1,0,차대사람 - 횡단중,보행자보호의무위반,포장 - 건조,맑음,단일로 - 기타,승용,남,60세,상해없음,보행자,남,15세,경상
5795,2019091700100396,2019년 9월 17일 15시,화요일,부산광역시 영도구 봉래동4가,중상사고,0,1,0,0,차대사람 - 기타,안전운전불이행,포장 - 건조,맑음,단일로 - 기타,화물,남,65세,기타불명,보행자,남,60세,중상
5796,2019091700100397,2019년 9월 17일 15시,화요일,부산광역시 부산진구 전포동,중상사고,0,1,0,0,차대사람 - 길가장자리구역통행중,기타,포장 - 건조,맑음,단일로 - 기타,화물,남,48세,상해없음,보행자,여,1세,중상
5797,2019091700100527,2019년 9월 17일 18시,화요일,부산광역시 금정구 구서동,중상사고,0,1,0,0,차대사람 - 기타,안전운전불이행,포장 - 건조,맑음,단일로 - 기타,이륜,남,41세,상해없음,보행자,남,51세,중상
5798,2019091700100575,2019년 9월 17일 19시,화요일,부산광역시 부산진구 부암동,중상사고,0,1,0,0,차대사람 - 기타,안전운전불이행,포장 - 건조,맑음,기타 - 기타,승용,남,64세,상해없음,보행자,남,52세,중상
5799,2019091700100618,2019년 9월 17일 20시,화요일,부산광역시 동구 범일동,중상사고,0,1,0,0,차대사람 - 기타,안전운전불이행,포장 - 건조,맑음,단일로 - 기타,승용,여,46세,상해없음,보행자,남,60세,중상
5800,2019091700100620,2019년 9월 17일 20시,화요일,부산광역시 연제구 연산동,경상사고,0,0,1,0,차대사람 - 차도통행중,안전운전불이행,포장 - 건조,맑음,단일로 - 기타,승용,남,64세,상해없음,보행자,남,62세,경상
5801,2019091700100666,2019년 9월 17일 22시,화요일,부산광역시 연제구 연산동,중상사고,0,1,0,0,차대사람 - 횡단중,보행자보호의무위반,포장 - 건조,맑음,교차로 - 교차로횡단보도내,승용,남,21세,상해없음,보행자,남,17세,중상
5802,2019091800100066,2019년 9월 18일 05시,수요일,부산광역시 사하구 괴정동,중상사고,0,1,0,0,차대사람 - 기타,안전운전불이행,포장 - 건조,맑음,교차로 - 교차로부근,승합,남,53세,상해없음,보행자,남,58세,중상
5803,2019091800100151,2019년 9월 18일 09시,수요일,부산광역시 부산진구 개금동,부상신고사고,0,0,0,1,차대사람 - 보도통행중,기타,포장 - 건조,맑음,기타 - 기타,기타불명,기타불명,미분류,기타불명,보행자,여,59세,부상신고
5804,2019091800100276,2019년 9월 18일 13시,수요일,부산광역시 연제구 연산동,부상신고사고,0,0,0,1,차대사람 - 길가장자리구역통행중,안전운전불이행,포장 - 건조,맑음,단일로 - 기타,승용,남,62세,상해없음,보행자,여,8세,부상신고
5805,2019091800100445,2019년 9월 18일 17시,수요일,부산광역시 남구 문현동,중상사고,0,1,0,0,차대사람 - 횡단중,안전운전불이행,포장 - 건조,맑음,단일로 - 기타,승용,남,23세,상해없음,보행자,여,24세,중상
5806,2019091800100447,2019년 9월 18일 17시,수요일,부산광역시 해운대구 우동,경상사고,0,0,1,0,차대사람 - 기타,안전운전불이행,포장 - 건조,맑음,단일로 - 기타,이륜,여,23세,상해없음,보행자,남,70세,경상
5807,2019091800100448,2019년 9월 18일 17시,수요일,부산광역시 부산진구 초읍동,경상사고,0,0,1,0,차대사람 - 횡단중,안전운전불이행,포장 - 건조,맑음,교차로 - 교차로안,승합,남,77세,상해없음,보행자,여,23세,경상
5808,2019091800100449,2019년 9월 18일 17시,수요일,부산광역시 부산진구 전포동,중상사고,0,1,1,0,차대사람 - 횡단중,보행자보호의무위반,포장 - 건조,맑음,교차로 - 교차로안,화물,남,44세,상해없음,보행자,남,16세,중상
5809,2019091800100580,2019년 9월 18일 19시,수요일,부산광역시 수영구 민락동,경상사고,0,0,1,0,차대사람 - 횡단중,신호위반,포장 - 건조,맑음,단일로 - 기타,이륜,남,16세,상해없음,보행자,여,61세,경상
5810,2019091800100692,2019년 9월 18일 22시,수요일,부산광역시 해운대구 반여동,중상사고,0,1,0,0,차대사람 - 기타,안전운전불이행,포장 - 건조,맑음,단일로 - 기타,이륜,남,28세,상해없음,보행자,남,27세,중상
5811,2019091900100289,2019년 9월 19일 12시,목요일,부산광역시 사상구 주례동,경상사고,0,0,1,0,차대사람 - 차도통행중,안전운전불이행,포장 - 건조,맑음,단일로 - 기타,승용,남,22세,상해없음,보행자,남,29세,경상
5812,2019091900100347,2019년 9월 19일 14시,목요일,부산광역시 부산진구 개금동,경상사고,0,0,1,0,차대사람 - 기타,기타,포장 - 건조,맑음,단일로 - 기타,승합,남,52세,상해없음,보행자,여,55세,경상
5813,2019091900100348,2019년 9월 19일 14시,목요일,부산광역시 사하구 신평동,경상사고,0,0,1,0,차대사람 - 기타,안전운전불이행,포장 - 건조,맑음,단일로 - 기타,승용,여,56세,상해없음,보행자,여,70세,경상
5814,2019091900100463,2019년 9월 19일 17시,목요일,부산광역시 해운대구 좌동,경상사고,0,0,1,0,차대사람 - 횡단중,안전운전불이행,포장 - 건조,맑음,단일로 - 기타,승용,남,64세,상해없음,보행자,남,12세,경상
5815,2019091900100498,2019년 9월 19일 18시,목요일,부산광역시 남구 문현동,경상사고,0,0,1,0,차대사람 - 횡단중,신호위반,포장 - 건조,맑음,단일로 - 기타,승용,여,28세,상해없음,보행자,남,38세,경상
5816,2019091900100554,2019년 9월 19일 19시,목요일,부산광역시 사상구 괘법동,경상사고,0,0,1,0,차대사람 - 기타,안전운전불이행,포장 - 건조,맑음,단일로 - 기타,승용,여,42세,상해없음,보행자,남,54세,경상
5817,2019092000100137,2019년 9월 20일 08시,금요일,부산광역시 해운대구 반여동,경상사고,0,0,1,0,차대사람 - 기타,안전운전불이행,포장 - 건조,맑음,교차로 - 교차로부근,승용,남,60세,상해없음,보행자,여,57세,경상
5818,2019092000100182,2019년 9월 20일 09시,금요일,부산광역시 수영구 광안동,중상사고,0,1,0,0,차대사람 - 기타,안전운전불이행,포장 - 건조,맑음,교차로 - 교차로안,승용,남,75세,상해없음,보행자,여,62세,중상
5819,2019092000100183,2019년 9월 20일 09시,금요일,부산광역시 동래구 온천동,경상사고,0,0,1,0,차대사람 - 차도통행중,불법유턴,포장 - 건조,맑음,단일로 - 기타,화물,남,81세,상해없음,보행자,남,71세,경상
5820,2019092000100334,2019년 9월 20일 13시,금요일,부산광역시 서구 암남동,중상사고,0,1,0,0,차대사람 - 기타,안전운전불이행,포장 - 건조,맑음,단일로 - 기타,화물,남,31세,상해없음,보행자,남,33세,중상
5821,2019092000100377,2019년 9월 20일 15시,금요일,부산광역시 동구 좌천동,경상사고,0,0,1,0,차대사람 - 횡단중,보행자보호의무위반,포장 - 건조,맑음,교차로 - 교차로횡단보도내,이륜,남,64세,상해없음,보행자,여,75세,경상
5822,2019092000100460,2019년 9월 20일 17시,금요일,부산광역시 사하구 당리동,중상사고,0,1,0,0,차대사람 - 기타,보행자보호의무위반,포장 - 건조,맑음,교차로 - 교차로횡단보도내,승용,여,45세,상해없음,보행자,여,10세,중상
5823,2019092000100555,2019년 9월 20일 19시,금요일,부산광역시 금정구 부곡동,경상사고,0,0,1,0,차대사람 - 차도통행중,안전운전불이행,포장 - 건조,맑음,단일로 - 기타,승용,남,22세,상해없음,보행자,남,49세,경상
5824,2019092000100607,2019년 9월 20일 20시,금요일,부산광역시 수영구 광안동,중상사고,0,1,0,0,차대사람 - 기타,안전운전불이행,포장 - 건조,맑음,교차로 - 교차로안,승용,여,48세,상해없음,보행자,여,27세,중상
5825,2019092000100638,2019년 9월 20일 21시,금요일,부산광역시 수영구 수영동,경상사고,0,0,1,0,차대사람 - 길가장자리구역통행중,안전운전불이행,포장 - 건조,맑음,단일로 - 기타,승용,여,25세,상해없음,보행자,여,50세,경상
5826,2019092000100670,2019년 9월 20일 22시,금요일,부산광역시 북구 구포동,중상사고,0,1,0,0,차대사람 - 길가장자리구역통행중,안전운전불이행,포장 - 건조,맑음,교차로 - 교차로부근,승용,남,39세,상해없음,보행자,여,25세,중상
5827,2019092000100698,2019년 9월 20일 23시,금요일,부산광역시 동구 초량동,중상사고,0,1,0,0,차대사람 - 횡단중,안전운전불이행,포장 - 건조,흐림,단일로 - 기타,승용,남,56세,기타불명,보행자,남,72세,중상
5828,2019092000100699,2019년 9월 20일 23시,금요일,부산광역시 사상구 괘법동,중상사고,0,2,0,0,차대사람 - 횡단중,안전운전불이행,포장 - 젖음/습기,비,단일로 - 기타,기타불명,기타불명,미분류,기타불명,보행자,남,33세,중상
5829,2019092100100032,2019년 9월 21일 00시,토요일,부산광역시 사상구 괘법동,경상사고,0,0,1,0,차대사람 - 기타,안전운전불이행,포장 - 젖음/습기,비,단일로 - 기타,승용,남,62세,상해없음,보행자,남,30세,경상
5830,2019092100100200,2019년 9월 21일 10시,토요일,부산광역시 금정구 서동,경상사고,0,0,1,0,차대사람 - 기타,안전운전불이행,포장 - 젖음/습기,비,단일로 - 기타,기타불명,기타불명,미분류,기타불명,보행자,여,78세,경상
5831,2019092100100549,2019년 9월 21일 19시,토요일,부산광역시 해운대구 반송동,중상사고,0,1,0,0,차대사람 - 횡단중,보행자보호의무위반,포장 - 젖음/습기,비,단일로 - 기타,승용,여,50세,상해없음,보행자,여,57세,중상
5832,2019092100100614,2019년 9월 21일 20시,토요일,부산광역시 연제구 연산동,중상사고,0,1,0,0,차대사람 - 횡단중,안전운전불이행,포장 - 젖음/습기,비,교차로 - 교차로안,이륜,남,21세,상해없음,보행자,남,55세,중상
5833,2019092100100656,2019년 9월 21일 21시,토요일,부산광역시 해운대구 송정동,중상사고,0,1,0,0,차대사람 - 기타,안전운전불이행,포장 - 젖음/습기,비,단일로 - 기타,원동기,남,16세,상해없음,보행자,남,51세,중상
5834,2019092100100657,2019년 9월 21일 21시,토요일,부산광역시 해운대구 좌동,중상사고,0,1,0,0,차대사람 - 횡단중,보행자보호의무위반,포장 - 젖음/습기,비,교차로 - 교차로안,승용,여,72세,상해없음,보행자,여,58세,중상
5835,2019092100100658,2019년 9월 21일 21시,토요일,부산광역시 부산진구 부전동,경상사고,0,0,1,0,차대사람 - 횡단중,보행자보호의무위반,포장 - 젖음/습기,비,교차로 - 교차로부근,승용,여,56세,상해없음,보행자,여,57세,경상
5836,2019092200100097,2019년 9월 22일 04시,일요일,부산광역시 동구 범일동,경상사고,0,0,1,0,차대사람 - 기타,안전운전불이행,포장 - 젖음/습기,비,단일로 - 기타,승용,남,26세,상해없음,보행자,여,68세,경상
5837,2019092200100218,2019년 9월 22일 13시,일요일,부산광역시 수영구 수영동,경상사고,0,0,1,0,차대사람 - 길가장자리구역통행중,안전운전불이행,포장 - 젖음/습기,비,단일로 - 기타,승용,남,58세,상해없음,보행자,여,75세,경상
5838,2019092300100171,2019년 9월 23일 09시,월요일,부산광역시 남구 문현동,중상사고,0,1,0,0,차대사람 - 차도통행중,안전운전불이행,포장 - 건조,맑음,교차로 - 교차로안,화물,남,45세,상해없음,보행자,여,76세,중상
5839,2019092300100237,2019년 9월 23일 11시,월요일,부산광역시 부산진구 개금동,경상사고,0,0,1,0,차대사람 - 기타,안전운전불이행,포장 - 건조,맑음,단일로 - 기타,승용,남,26세,상해없음,보행자,여,69세,경상
5840,2019092300100300,2019년 9월 23일 13시,월요일,부산광역시 금정구 장전동,중상사고,0,1,0,0,차대사람 - 기타,기타,포장 - 건조,맑음,교차로 - 교차로부근,승용,남,43세,상해없음,보행자,남,8세,중상
5841,2019092300100412,2019년 9월 23일 16시,월요일,부산광역시 중구 남포동6가,중상사고,0,1,0,0,차대사람 - 횡단중,안전운전불이행,포장 - 젖음/습기,비,단일로 - 기타,승용,남,53세,상해없음,보행자,남,57세,중상
5842,2019092300100413,2019년 9월 23일 16시,월요일,부산광역시 남구 용당동,중상사고,0,1,0,0,차대사람 - 기타,보행자보호의무위반,포장 - 건조,맑음,기타 - 기타,승합,남,60세,상해없음,보행자,여,81세,중상
5843,2019092300100437,2019년 9월 23일 17시,월요일,부산광역시 북구 구포동,경상사고,0,0,1,0,차대사람 - 기타,안전운전불이행,포장 - 젖음/습기,비,교차로 - 교차로부근,승용,여,53세,상해없음,보행자,남,51세,경상
5844,2019092300100438,2019년 9월 23일 17시,월요일,부산광역시 해운대구 우동,경상사고,0,0,1,0,차대사람 - 횡단중,안전운전불이행,포장 - 젖음/습기,비,단일로 - 기타,승합,남,58세,상해없음,보행자,여,79세,경상
5845,2019092300100439,2019년 9월 23일 17시,월요일,부산광역시 해운대구 좌동,중상사고,0,1,0,0,차대사람 - 횡단중,보행자보호의무위반,포장 - 건조,맑음,교차로 - 교차로횡단보도내,승용,여,57세,상해없음,보행자,여,50세,중상
5846,2019092300100536,2019년 9월 23일 19시,월요일,부산광역시 사상구 학장동,중상사고,0,1,0,0,차대사람 - 횡단중,보행자보호의무위반,포장 - 젖음/습기,비,교차로 - 교차로횡단보도내,승용,남,58세,상해없음,보행자,여,56세,중상
5847,2019092400100083,2019년 9월 24일 06시,화요일,부산광역시 영도구 영선동1가,경상사고,0,0,1,0,차대사람 - 횡단중,보행자보호의무위반,포장 - 건조,맑음,교차로 - 교차로횡단보도내,화물,남,51세,상해없음,보행자,여,69세,경상
5848,2019092400100102,2019년 9월 24일 07시,화요일,부산광역시 부산진구 가야동,경상사고,0,0,1,0,차대사람 - 기타,안전운전불이행,포장 - 건조,맑음,단일로 - 기타,승용,여,43세,상해없음,보행자,여,57세,경상
5849,2019092400100103,2019년 9월 24일 07시,화요일,부산광역시 사상구 모라동,경상사고,0,0,1,0,차대사람 - 횡단중,신호위반,포장 - 건조,맑음,단일로 - 기타,승용,남,32세,상해없음,보행자,여,15세,경상